{
  "format_version": "1.14.0",
  "sound_definitions": {
    "entity.ghost.sound": {
      "category": "hostile",
      "sounds": [
        "sounds/entity/ghost/night"
      ]
    },
    "entity.ghoul.roar": {
      "category": "hostile",
      "sounds": [
        "sounds/entity/ghoul/roar"
      ]
    },
    "entity.tombstone.summoned": {
      "category": "hostile",
      "sounds": [
        "sounds/entity/tombstone/summoned"
      ]
    },
    "entity.reaper.attack": {
      "category": "hostile",
      "sounds": [
        "sounds/entity/reaper/attack"
      ]
    },
    "entity.royal_ghost.despawn_other": {
      "category": "hostile",
      "max_distance": 96.0,
      "sounds": [
        "sounds/entity/royal_ghost/despawn_other"
      ]
    },
    "entity.royal_ghost.stomp_attack": {
      "category": "hostile",
      "max_distance": 96.0,
      "sounds": [
        "sounds/entity/royal_ghost/stomp_attack_1",
        "sounds/entity/royal_ghost/stomp_attack_2"
      ]
    }
  }
}