{
  "format_version": "1.10.0",
  "animations": {
    "animation.entity.demonic_blade.wield_first_person": {
      "loop": true,
      "bones": {
        "handle": {
          "rotation": [150.0, 0.0, 0.0],
          "position": [-5.4, 28.5, 4.4]
        }
      }
    },
    "animation.entity.demonic_blade.wield_third_person": {
      "loop": true,
      "bones": {
        "handle": {
          "rotation": [95.0, -35.0, -80.0],
          "position": [2.0, 16.0, -9.0]
        }
      }
    }
  }
}