{
  "format_version": "1.10.0",
  "animations": {
    "animation.ghoul.wings.new": {
      "loop": true,
      "bones": {
        "right_wing": {
          "rotation": [0.0, "variable.wing_y_rotation", 0.0]
        },
        "left_wing": {
          "rotation": [0.0, "-variable.wing_y_rotation", 0.0]
        }
      }
    },

    "animation.ghoul.wings.old": {
      "loop": true,
      "animation_length": 1.54167,
      "bones": {
        "wings": {
          "rotation": {
            "0.1667": {
              "post": [
                0.0,
                0.0,
                0.0
              ],
              "lerp_mode": "catmullrom"
            },
            "0.25": {
              "post": [
                0.0,
                -2.5,
                0.0
              ],
              "lerp_mode": "catmullrom"
            },
            "0.3333": {
              "post": [
                0.0,
                -5,
                0.0
              ],
              "lerp_mode": "catmullrom"
            },
            "0.4167": {
              "post": [
                0.0,
                -7.5,
                0.0
              ],
              "lerp_mode": "catmullrom"
            },
            "0.5": {
              "post": [
                0.0,
                -12.5,
                0.0
              ],
              "lerp_mode": "catmullrom"
            },
            "0.5833": {
              "post": [
                0.0,
                -15,
                0.0
              ],
              "lerp_mode": "catmullrom"
            },
            "0.6667": {
              "post": [
                0.0,
                -17.5,
                0.0
              ],
              "lerp_mode": "catmullrom"
            },
            "0.75": {
              "post": [
                0.0,
                -20.0,
                0.0
              ],
              "lerp_mode": "catmullrom"
            },
            "0.8333": {
              "post": [
                0.0,
                -17.5,
                0.0
              ],
              "lerp_mode": "catmullrom"
            },
            "0.9167": {
              "post": [
                0.0,
                -15,
                0.0
              ],
              "lerp_mode": "catmullrom"
            },
            "1.0": {
              "post": [
                0.0,
                -12.5,
                0.0
              ],
              "lerp_mode": "catmullrom"
            },
            "1.0833": {
              "post": [
                0.0,
                -7.5,
                0.0
              ],
              "lerp_mode": "catmullrom"
            },
            "1.1667": {
              "post": [
                0.0,
                -5,
                0.0
              ],
              "lerp_mode": "catmullrom"
            },
            "1.25": {
              "post": [
                0.0,
                -2.5,
                0.0
              ],
              "lerp_mode": "catmullrom"
            },
            "1.3333": {
              "post": [
                0.0,
                0.0,
                0.0
              ],
              "lerp_mode": "catmullrom"
            }
          }
        }
      }
    }
  }
}