{
	"format_version": "1.8.0",
	"animations": {
		"animation.wraithwood_stalker.idle": {
			"loop": true,
			"animation_length": 1,
			"bones": {
				"UpperBody": {
					"scale": {
						"0.0": {
							"post": [1, 1, 1],
							"lerp_mode": "catmullrom"
						},
						"0.5": {
							"post": [1, 1, 1.05],
							"lerp_mode": "catmullrom"
						},
						"1.0": {
							"post": [1, 1, 1],
							"lerp_mode": "catmullrom"
						}
					}
				},
				"rightArm": {
					"rotation": {
						"0.0": {
							"post": [0, 0, 0],
							"lerp_mode": "catmullrom"
						},
						"0.5": {
							"post": [0, 0, -1.5],
							"lerp_mode": "catmullrom"
						},
						"1.0": {
							"post": [0, 0, 0],
							"lerp_mode": "catmullrom"
						}
					}
				},
				"leftArm": {
					"rotation": {
						"0.0": {
							"post": [0, 0, 0],
							"lerp_mode": "catmullrom"
						},
						"0.5": {
							"post": [0, 0, 1.5],
							"lerp_mode": "catmullrom"
						},
						"1.0": {
							"post": [0, 0, 0],
							"lerp_mode": "catmullrom"
						}
					}
				},
				"Mouth": {
					"rotation": {
						"0.0": {
							"post": [0, 0, 0],
							"lerp_mode": "catmullrom"
						},
						"0.25": {
							"post": [5, 0, 0],
							"lerp_mode": "catmullrom"
						},
						"0.5": {
							"post": [0, 0, 0],
							"lerp_mode": "catmullrom"
						},
						"0.75": {
							"post": [5, 0, 0],
							"lerp_mode": "catmullrom"
						},
						"1.0": {
							"post": [0, 0, 0],
							"lerp_mode": "catmullrom"
						}
					}
				}
			}
		},
		"animation.wraithwood_stalker.walk": {
			"loop": true,
			"animation_length": 1,
			"bones": {
				"Main": {
					"position": {
						"0.0": {
							"post": [0, 0, 0],
							"lerp_mode": "catmullrom"
						},
						"0.1667": {
							"post": [0, -1, 0],
							"lerp_mode": "catmullrom"
						},
						"0.375": {
							"post": [0, 0, 0],
							"lerp_mode": "catmullrom"
						},
						"0.6667": {
							"post": [0, -1, 0],
							"lerp_mode": "catmullrom"
						},
						"1.0": {
							"post": [0, 0, 0],
							"lerp_mode": "catmullrom"
						}
					}
				},
				"leftLeg": {
					"rotation": {
						"0.0": [0, 0, 0],
						"0.0417": [0.59899, 0, 0],
						"0.0833": [2.38436, 0, 0],
						"0.1667": [7.61564, 0, 0],
						"0.2083": [9.40101, 0, 0],
						"0.25": [10, 0, 0],
						"0.2917": [9.40101, 0, 0],
						"0.3333": [7.61564, 0, 0],
						"0.4167": [2.38436, 0, 0],
						"0.4583": [0.59899, 0, 0],
						"0.5": [0, 0, 0],
						"0.5417": [-0.59899, 0, 0],
						"0.5833": [-2.38436, 0, 0],
						"0.6667": [-7.61564, 0, 0],
						"0.7083": [-9.40101, 0, 0],
						"0.75": [-10, 0, 0],
						"0.7917": [-9.40101, 0, 0],
						"0.8333": [-7.61564, 0, 0],
						"0.9167": [-2.38436, 0, 0],
						"0.9583": [-0.59899, 0, 0],
						"1.0": [0, 0, 0]
					}
				},
				"rightLeg": {
					"rotation": {
						"0.0": [0, 0, 0],
						"0.0417": [-0.59899, 0, 0],
						"0.0833": [-2.38436, 0, 0],
						"0.1667": [-7.61564, 0, 0],
						"0.2083": [-9.40101, 0, 0],
						"0.25": [-10, 0, 0],
						"0.2917": [-9.40101, 0, 0],
						"0.3333": [-7.61564, 0, 0],
						"0.4167": [-2.38436, 0, 0],
						"0.4583": [-0.59899, 0, 0],
						"0.5": [0, 0, 0],
						"0.5417": [0.59899, 0, 0],
						"0.5833": [2.38436, 0, 0],
						"0.6667": [7.61564, 0, 0],
						"0.7083": [9.40101, 0, 0],
						"0.75": [10, 0, 0],
						"0.7917": [9.40101, 0, 0],
						"0.8333": [7.61564, 0, 0],
						"0.9167": [2.38436, 0, 0],
						"0.9583": [0.59899, 0, 0],
						"1.0": [0, 0, 0]
					}
				},
				"UpperBody": {
					"scale": {
						"0.0": [1, 1, 1],
						"0.5": [1, 1, 1.025],
						"1.0": [1, 1, 1]
					}
				},
				"rightArm": {
					"rotation": {
						"0.0": {
							"post": [0, 0, 0],
							"lerp_mode": "catmullrom"
						},
						"0.5": {
							"post": [0, 0, -1.5],
							"lerp_mode": "catmullrom"
						},
						"1.0": {
							"post": [0, 0, 0],
							"lerp_mode": "catmullrom"
						}
					}
				},
				"leftArm": {
					"rotation": {
						"0.0": {
							"post": [0, 0, 0],
							"lerp_mode": "catmullrom"
						},
						"0.5": {
							"post": [0, 0, 1.5],
							"lerp_mode": "catmullrom"
						},
						"1.0": {
							"post": [0, 0, 0],
							"lerp_mode": "catmullrom"
						}
					}
				},
				"Mouth": {
					"rotation": {
						"0.0": {
							"post": [0, 0, 0],
							"lerp_mode": "catmullrom"
						},
						"0.25": {
							"post": [5, 0, 0],
							"lerp_mode": "catmullrom"
						},
						"0.5": {
							"post": [0, 0, 0],
							"lerp_mode": "catmullrom"
						},
						"0.75": {
							"post": [5, 0, 0],
							"lerp_mode": "catmullrom"
						},
						"1.0": {
							"post": [0, 0, 0],
							"lerp_mode": "catmullrom"
						}
					}
				},
				"lleg": {
					"rotation": {
						"0.0": [0, 0, 0],
						"0.0417": [0.67153, 0, 0],
						"0.0833": [2.19659, 0, 0],
						"0.125": [4.16883, 0, 0],
						"0.25": [10.83117, 0, 0],
						"0.2917": [12.80341, 0, 0],
						"0.3333": [14.32847, 0, 0],
						"0.375": [15, 0, 0],
						"0.4167": [13.45424, 0, 0],
						"0.4583": [1.54576, 0, 0],
						"0.5": [0, 0, 0],
						"0.5417": [-0.67153, 0, 0],
						"0.5833": [-2.19659, 0, 0],
						"0.625": [-4.16883, 0, 0],
						"0.75": [-10.83117, 0, 0],
						"0.7917": [-12.80341, 0, 0],
						"0.8333": [-14.32847, 0, 0],
						"0.875": [-15, 0, 0],
						"0.9167": [-13.45424, 0, 0],
						"0.9583": [-1.54576, 0, 0],
						"1.0": [0, 0, 0]
					}
				},
				"rleg": {
					"rotation": {
						"0.0": [0, 0, 0],
						"0.0417": [-0.67153, 0, 0],
						"0.0833": [-2.19659, 0, 0],
						"0.125": [-4.16883, 0, 0],
						"0.25": [-10.83117, 0, 0],
						"0.2917": [-12.80341, 0, 0],
						"0.3333": [-14.32847, 0, 0],
						"0.375": [-15, 0, 0],
						"0.4167": [-13.45424, 0, 0],
						"0.4583": [-1.54576, 0, 0],
						"0.5": [0, 0, 0],
						"0.5417": [0.67153, 0, 0],
						"0.5833": [2.19659, 0, 0],
						"0.625": [4.16883, 0, 0],
						"0.75": [10.83117, 0, 0],
						"0.7917": [12.80341, 0, 0],
						"0.8333": [14.32847, 0, 0],
						"0.875": [15, 0, 0],
						"0.9167": [13.45424, 0, 0],
						"0.9583": [1.54576, 0, 0],
						"1.0": [0, 0, 0]
					}
				}
			}
		},
		"animation.wraithwood_stalker.attack": {
			"animation_length": 0.5,
			"bones": {
				"rightArm": {
					"rotation": {
						"0.0": {
							"post": [0, 0, 0],
							"lerp_mode": "catmullrom"
						},
						"0.0833": {
							"post": [-45, 0, 0],
							"lerp_mode": "catmullrom"
						},
						"0.25": {
							"post": [-70, 0, 0],
							"lerp_mode": "catmullrom"
						},
						"0.4167": {
							"post": [0, 0, 0],
							"lerp_mode": "catmullrom"
						}
					}
				},
				"arm": {
					"rotation": {
						"0.0": {
							"post": [0, 0, 0],
							"lerp_mode": "catmullrom"
						},
						"0.0833": {
							"post": [0, 0, 0],
							"lerp_mode": "catmullrom"
						},
						"0.25": {
							"post": [-7.5, 0, 30],
							"lerp_mode": "catmullrom"
						},
						"0.4167": {
							"post": [0, 0, 0],
							"lerp_mode": "catmullrom"
						}
					}
				}
			}
		}
	}
}