{
  "format_version": "1.16.0",
  "minecraft:geometry": [
    {
      "description": {
        "identifier": "geometry.demonic_blade",
        "texture_width": 128.0,
        "texture_height": 128.0,
        "visible_bounds_width": 5,
        "visible_bounds_height": 5.5,
        "visible_bounds_offset": [
          0,
          2.25,
          0
        ]
      },
      "bones": [
        {
          "name": "handle",
          "binding": "query.item_slot_to_bone_name(context.item_slot)",
          "pivot": [
            0,
            12,
            0
          ],
          "cubes": [
            {
              "origin": [
                -1,
                0,
                0
              ],
              "size": [
                1,
                9,
                1
              ],
              "inflate": -0.1,
              "uv": [
                12,
                45
              ]
            },
            {
              "origin": [
                -1,
                -1,
                0
              ],
              "size": [
                1,
                1,
                1
              ],
              "inflate": 0.1,
              "uv": [
                22,
                47
              ]
            },
            {
              "origin": [
                -4,
                5,
                0
              ],
              "size": [
                7,
                1,
                1
              ],
              "inflate": -0.1,
              "uv": [
                30,
                41
              ]
            },
            {
              "origin": [
                -5,
                5,
                0
              ],
              "size": [
                1,
                1,
                1
              ],
              "inflate": 0.1,
              "uv": [
                38,
                47
              ]
            },
            {
              "origin": [
                3,
                5,
                0
              ],
              "size": [
                1,
                1,
                1
              ],
              "inflate": 0.1,
              "uv": [
                26,
                47
              ]
            },
            {
              "origin": [
                -7,
                9.5,
                -0.25
              ],
              "size": [
                13,
                1.5,
                1.5
              ],
              "uv": [
                38,
                11
              ]
            },
            {
              "origin": [
                -6,
                9,
                0
              ],
              "size": [
                11,
                0.5,
                1
              ],
              "uv": [
                37,
                13
              ]
            },
            {
              "origin": [
                -5,
                8.775,
                0
              ],
              "size": [
                9,
                0.5,
                1
              ],
              "uv": [
                37,
                28
              ]
            }
          ]
        },
        {
          "name": "blade",
          "parent": "handle",
          "pivot": [
            0,
            24,
            0
          ],
          "cubes": [
            {
              "origin": [
                -7,
                10,
                0
              ],
              "size": [
                1,
                29,
                1
              ],
              "pivot": [
                -6,
                10,
                0
              ],
              "rotation": [
                0,
                0,
                5
              ],
              "uv": [
                34,
                0
              ]
            },
            {
              "origin": [
                -8.1,
                39,
                0
              ],
              "size": [
                1,
                12,
                1
              ],
              "pivot": [
                -7.1,
                27,
                0
              ],
              "rotation": [
                0,
                0,
                17.5
              ],
              "uv": [
                34,
                43
              ]
            },
            {
              "origin": [
                6.2,
                39,
                0
              ],
              "size": [
                1,
                12,
                1
              ],
              "pivot": [
                7.2,
                27,
                0
              ],
              "rotation": [
                0,
                0,
                -17.5
              ],
              "uv": [
                30,
                43
              ]
            },
            {
              "origin": [
                5,
                10,
                0
              ],
              "size": [
                1,
                29,
                1
              ],
              "pivot": [
                6,
                10,
                0
              ],
              "rotation": [
                0,
                0,
                -5
              ],
              "uv": [
                30,
                0
              ]
            },
            {
              "origin": [
                -6,
                10,
                0
              ],
              "size": [
                11,
                10,
                1
              ],
              "uv": [
                30,
                30
              ]
            },
            {
              "origin": [
                -5,
                20,
                0
              ],
              "size": [
                9.25,
                10,
                1
              ],
              "uv": [
                38,
                0
              ]
            },
            {
              "origin": [
                -5.55,
                20,
                0
              ],
              "size": [
                10.075,
                1,
                1
              ],
              "uv": [
                38,
                14
              ]
            },
            {
              "origin": [
                -4,
                32,
                0
              ],
              "size": [
                7,
                7,
                1
              ],
              "uv": [
                38,
                16
              ]
            },
            {
              "origin": [
                -4.5,
                30,
                0
              ],
              "size": [
                8,
                3,
                1
              ],
              "uv": [
                38,
                24
              ]
            },
            {
              "origin": [
                -3.5,
                39,
                0
              ],
              "size": [
                6.25,
                1,
                1
              ],
              "uv": [
                38,
                43
              ]
            },
            {
              "origin": [
                -3.5,
                40,
                0
              ],
              "size": [
                5.75,
                1,
                1
              ],
              "uv": [
                0,
                45
              ]
            },
            {
              "origin": [
                -2.75,
                41,
                0
              ],
              "size": [
                4.5,
                1,
                1
              ],
              "uv": [
                38,
                45
              ]
            },
            {
              "origin": [
                -2.75,
                42,
                0
              ],
              "size": [
                4.5,
                1,
                1
              ],
              "uv": [
                16,
                45
              ]
            },
            {
              "origin": [
                -2.25,
                43,
                0
              ],
              "size": [
                3.75,
                1,
                1
              ],
              "uv": [
                0,
                47
              ]
            },
            {
              "origin": [
                -2.25,
                44,
                0
              ],
              "size": [
                3.75,
                1,
                1
              ],
              "uv": [
                46,
                41
              ]
            },
            {
              "origin": [
                -1.75,
                45,
                0
              ],
              "size": [
                2.75,
                1,
                1
              ],
              "uv": [
                16,
                47
              ]
            },
            {
              "origin": [
                -1.25,
                46,
                0
              ],
              "size": [
                1.75,
                1,
                1
              ],
              "uv": [
                8,
                47
              ]
            },
            {
              "origin": [
                -1.25,
                47,
                0
              ],
              "size": [
                1.5,
                1,
                1
              ],
              "uv": [
                26,
                45
              ]
            }
          ]
        }
      ]
    }
  ]
}