{
	"format_version": "1.12.0",
	"minecraft:geometry": [
		{
			"description": {
				"identifier": "geometry.eye_pet",
				"texture_width": 64,
				"texture_height": 64,
				"visible_bounds_width": 3,
				"visible_bounds_height": 2.5,
				"visible_bounds_offset": [
					0,
					0.75,
					0
				]
			},
			"bones": [
				{
					"name": "FullBody",
					"pivot": [
						2,
						0,
						-2
					],
					"cubes": [
						{
							"origin": [
								-3,
								9,
								-3
							],
							"size": [
								6,
								6,
								6
							],
							"uv": [
								0,
								0
							]
						},
						{
							"origin": [
								-3,
								9,
								3
							],
							"size": [
								0,
								6,
								5
							],
							"uv": [
								0,
								12
							]
						},
						{
							"origin": [
								-3,
								15,
								3
							],
							"size": [
								6,
								0,
								5
							],
							"uv": [
								12,
								12
							]
						},
						{
							"origin": [
								-3,
								9,
								3
							],
							"size": [
								6,
								0,
								5
							],
							"uv": [
								0,
								12
							]
						},
						{
							"origin": [
								3,
								9,
								3
							],
							"size": [
								0,
								6,
								5
							],
							"uv": [
								10,
								12
							]
						}
					]
				}
			]
		}
	]
}