{
	"format_version": "1.12.0",
	"minecraft:geometry": [
		{
			"description": {
				"identifier": "geometry.eyespecter",
				"texture_width": 64,
				"texture_height": 64,
				"visible_bounds_width": 7,
				"visible_bounds_height": 3.5,
				"visible_bounds_offset": [0, 1.25, 0]
			},
			"bones": [
				{
					"name": "bone",
					"pivot": [-0.25937, 32.34887, -0.3],
					"rotation": [0, 90, 0]
				},
				{
					"name": "FullBody",
					"parent": "bone",
					"pivot": [-2, 0, 0]
				},
				{
					"name": "DecoHand",
					"parent": "FullBody",
					"pivot": [-2.9226, 30.945, 9.84929],
					"rotation": [90, -72.5, -90],
					"cubes": [
						{
							"origin": [-10.39297, 29.8179, 8.79684],
							"size": [3.12, 0.78, 0.78],
							"uv": {
								"north": {"uv": [42, 4], "uv_size": [3, 1]},
								"east": {"uv": [14, 45], "uv_size": [1, 1]},
								"south": {"uv": [42, 5], "uv_size": [3, 1]},
								"west": {"uv": [15, 45], "uv_size": [1, 1]},
								"up": {"uv": [42, 8], "uv_size": [3, 1]},
								"down": {"uv": [14, 43], "uv_size": [3, -1]}
							}
						},
						{
							"origin": [-8.05297, 29.8179, 8.79684],
							"size": [0.78, 1.56, 0.78],
							"uv": {
								"north": {"uv": [32, 44], "uv_size": [1, 2]},
								"east": {"uv": [44, 32], "uv_size": [1, 2]},
								"south": {"uv": [33, 44], "uv_size": [1, 2]},
								"west": {"uv": [34, 44], "uv_size": [1, 2]},
								"up": {"uv": [45, 36], "uv_size": [1, 1]},
								"down": {"uv": [37, 46], "uv_size": [1, -1]}
							}
						},
						{
							"origin": [-7.27297, 29.8179, 8.01684],
							"size": [3.9, 0.78, 2.34],
							"uv": {
								"north": {"uv": [16, 15], "uv_size": [4, 1]},
								"east": {"uv": [30, 44], "uv_size": [2, 1]},
								"south": {"uv": [24, 7], "uv_size": [4, 1]},
								"west": {"uv": [44, 31], "uv_size": [2, 1]},
								"up": {"uv": [23, 38], "uv_size": [4, 2]},
								"down": {"uv": [38, 25], "uv_size": [4, -2]}
							}
						}
					]
				},
				{
					"name": "Finger2",
					"parent": "DecoHand",
					"pivot": [-3.06375, 30.15673, 9.96684],
					"cubes": [
						{
							"origin": [-1.03297, 30.5979, 9.57684],
							"size": [3.12, 0.78, 0.78],
							"pivot": [0.52703, 30.9879, 9.96684],
							"rotation": [0, 0, -32.5],
							"uv": {
								"north": {"uv": [30, 42], "uv_size": [3, 1]},
								"east": {"uv": [45, 19], "uv_size": [1, 1]},
								"south": {"uv": [39, 42], "uv_size": [3, 1]},
								"west": {"uv": [20, 45], "uv_size": [1, 1]},
								"up": {"uv": [42, 41], "uv_size": [3, 1]},
								"down": {"uv": [42, 43], "uv_size": [3, -1]}
							}
						},
						{
							"origin": [1.30703, 31.3779, 9.57684],
							"size": [0.78, 0.78, 0.78],
							"pivot": [0.52703, 30.9879, 9.96684],
							"rotation": [0, 0, -32.5],
							"uv": {
								"north": {"uv": [45, 27], "uv_size": [1, 1]},
								"east": {"uv": [28, 45], "uv_size": [1, 1]},
								"south": {"uv": [45, 29], "uv_size": [1, 1]},
								"west": {"uv": [30, 45], "uv_size": [1, 1]},
								"up": {"uv": [45, 30], "uv_size": [1, 1]},
								"down": {"uv": [31, 46], "uv_size": [1, -1]}
							}
						},
						{
							"origin": [-3.37297, 29.8179, 9.57684],
							"size": [3.12, 0.78, 0.78],
							"uv": {
								"north": {"uv": [42, 18], "uv_size": [3, 1]},
								"east": {"uv": [45, 17], "uv_size": [1, 1]},
								"south": {"uv": [42, 19], "uv_size": [3, 1]},
								"west": {"uv": [18, 45], "uv_size": [1, 1]},
								"up": {"uv": [42, 20], "uv_size": [3, 1]},
								"down": {"uv": [42, 22], "uv_size": [3, -1]}
							}
						}
					]
				},
				{
					"name": "FInger1",
					"parent": "DecoHand",
					"pivot": [-3.06375, 30.15673, 8.40684],
					"cubes": [
						{
							"origin": [-3.37297, 29.8179, 8.01684],
							"size": [3.12, 0.78, 0.78],
							"uv": {
								"north": {"uv": [42, 15], "uv_size": [3, 1]},
								"east": {"uv": [45, 15], "uv_size": [1, 1]},
								"south": {"uv": [42, 16], "uv_size": [3, 1]},
								"west": {"uv": [45, 16], "uv_size": [1, 1]},
								"up": {"uv": [17, 42], "uv_size": [3, 1]},
								"down": {"uv": [42, 18], "uv_size": [3, -1]}
							}
						},
						{
							"origin": [-1.03297, 30.5979, 8.01684],
							"size": [3.12, 0.78, 0.78],
							"pivot": [0.52703, 30.9879, 9.96684],
							"rotation": [0, 0, -32.5],
							"uv": {
								"north": {"uv": [0, 43], "uv_size": [3, 1]},
								"east": {"uv": [45, 20], "uv_size": [1, 1]},
								"south": {"uv": [11, 43], "uv_size": [3, 1]},
								"west": {"uv": [21, 45], "uv_size": [1, 1]},
								"up": {"uv": [14, 43], "uv_size": [3, 1]},
								"down": {"uv": [17, 44], "uv_size": [3, -1]}
							}
						},
						{
							"origin": [1.30703, 31.3779, 8.01684],
							"size": [0.78, 0.78, 0.78],
							"pivot": [0.52703, 30.9879, 9.96684],
							"rotation": [0, 0, -32.5],
							"uv": {
								"north": {"uv": [45, 23], "uv_size": [1, 1]},
								"east": {"uv": [24, 45], "uv_size": [1, 1]},
								"south": {"uv": [45, 24], "uv_size": [1, 1]},
								"west": {"uv": [25, 45], "uv_size": [1, 1]},
								"up": {"uv": [45, 26], "uv_size": [1, 1]},
								"down": {"uv": [27, 46], "uv_size": [1, -1]}
							}
						}
					]
				},
				{
					"name": "Finger3",
					"parent": "DecoHand",
					"pivot": [-6.28994, 30.12865, 10.83662],
					"cubes": [
						{
							"origin": [-3.01616, 31.3779, 11.69901],
							"size": [0.78, 0.78, 0.78],
							"pivot": [-3.79616, 30.9879, 12.08901],
							"rotation": [0, -30, -32.5],
							"uv": {
								"north": {"uv": [45, 32], "uv_size": [1, 1]},
								"east": {"uv": [45, 33], "uv_size": [1, 1]},
								"south": {"uv": [45, 34], "uv_size": [1, 1]},
								"west": {"uv": [35, 45], "uv_size": [1, 1]},
								"up": {"uv": [45, 35], "uv_size": [1, 1]},
								"down": {"uv": [36, 46], "uv_size": [1, -1]}
							}
						},
						{
							"origin": [-5.35616, 30.5979, 11.69901],
							"size": [3.12, 0.78, 0.78],
							"pivot": [-3.79616, 30.9879, 12.08901],
							"rotation": [0, -30, -32.5],
							"uv": {
								"north": {"uv": [22, 43], "uv_size": [3, 1]},
								"east": {"uv": [45, 21], "uv_size": [1, 1]},
								"south": {"uv": [30, 43], "uv_size": [3, 1]},
								"west": {"uv": [45, 22], "uv_size": [1, 1]},
								"up": {"uv": [38, 43], "uv_size": [3, 1]},
								"down": {"uv": [41, 44], "uv_size": [3, -1]}
							}
						},
						{
							"origin": [-7.27297, 29.8179, 10.35684],
							"size": [3.12, 0.78, 0.78],
							"pivot": [-5.71297, 30.2079, 10.74684],
							"rotation": [0, -35, 0],
							"uv": {
								"north": {"uv": [22, 42], "uv_size": [3, 1]},
								"east": {"uv": [45, 18], "uv_size": [1, 1]},
								"south": {"uv": [42, 22], "uv_size": [3, 1]},
								"west": {"uv": [19, 45], "uv_size": [1, 1]},
								"up": {"uv": [42, 23], "uv_size": [3, 1]},
								"down": {"uv": [42, 25], "uv_size": [3, -1]}
							}
						}
					]
				},
				{
					"name": "LeftArm",
					"parent": "FullBody",
					"pivot": [-1.56667, 29.57242, -6.34847],
					"rotation": [2.5, 180, 0],
					"cubes": [
						{
							"origin": [-2.46667, 16.4835, -8.43274],
							"size": [1, 11, 1],
							"pivot": [0.03333, 26.9835, -7.93274],
							"rotation": [5, 0, 0],
							"uv": {
								"north": {"uv": [32, 0], "uv_size": [1, 11]},
								"east": {"uv": [32, 11], "uv_size": [1, 11]},
								"south": {"uv": [32, 22], "uv_size": [1, 11]},
								"west": {"uv": [33, 0], "uv_size": [1, 11]},
								"up": {"uv": [45, 37], "uv_size": [1, 1]},
								"down": {"uv": [38, 46], "uv_size": [1, -1]}
							}
						},
						{
							"origin": [-2.46667, 6.58104, -8.16905],
							"size": [2, 10, 2],
							"pivot": [-0.71667, 12.56062, -6.18383],
							"rotation": [-2.5, 0, 0],
							"uv": {
								"north": {"uv": [20, 26], "uv_size": [2, 10]},
								"east": {"uv": [26, 25], "uv_size": [2, 10]},
								"south": {"uv": [28, 0], "uv_size": [2, 10]},
								"west": {"uv": [28, 25], "uv_size": [2, 10]},
								"up": {"uv": [16, 39], "uv_size": [2, 2]},
								"down": {"uv": [18, 41], "uv_size": [2, -2]}
							}
						},
						{
							"origin": [-1.96667, 11.62056, -6.37659],
							"size": [1, 1, 2],
							"pivot": [-0.71667, 12.56062, -6.18383],
							"rotation": [12.5, 0, 0],
							"uv": {
								"north": {"uv": [7, 45], "uv_size": [1, 1]},
								"east": {"uv": [14, 44], "uv_size": [2, 1]},
								"south": {"uv": [45, 7], "uv_size": [1, 1]},
								"west": {"uv": [44, 14], "uv_size": [2, 1]},
								"up": {"uv": [16, 44], "uv_size": [1, 2]},
								"down": {"uv": [17, 46], "uv_size": [1, -2]}
							}
						},
						{
							"origin": [-1.96667, 12.47998, -6.70741],
							"size": [1, 1, 2],
							"pivot": [-0.71667, 12.56062, -6.18383],
							"rotation": [25, 0, 0],
							"uv": {
								"north": {"uv": [8, 45], "uv_size": [1, 1]},
								"east": {"uv": [18, 44], "uv_size": [2, 1]},
								"south": {"uv": [45, 8], "uv_size": [1, 1]},
								"west": {"uv": [20, 44], "uv_size": [2, 1]},
								"up": {"uv": [22, 44], "uv_size": [1, 2]},
								"down": {"uv": [23, 46], "uv_size": [1, -2]}
							}
						},
						{
							"origin": [-1.96667, 13.42126, -6.98912],
							"size": [1, 1, 2],
							"pivot": [-0.71667, 12.56062, -6.18383],
							"rotation": [35, 0, 0],
							"uv": {
								"north": {"uv": [9, 45], "uv_size": [1, 1]},
								"east": {"uv": [24, 44], "uv_size": [2, 1]},
								"south": {"uv": [45, 9], "uv_size": [1, 1]},
								"west": {"uv": [44, 25], "uv_size": [2, 1]},
								"up": {"uv": [26, 44], "uv_size": [1, 2]},
								"down": {"uv": [44, 28], "uv_size": [1, -2]}
							}
						}
					]
				},
				{
					"name": "RightArm",
					"parent": "FullBody",
					"pivot": [-2.5, 27.56883, 4.07786],
					"rotation": [2.5, 0, 0],
					"cubes": [
						{
							"origin": [-3.5, 16.54089, 3.41924],
							"size": [2, 11, 1],
							"pivot": [-3, 27.04089, 3.91924],
							"rotation": [5, 0, 0],
							"uv": {
								"north": {"uv": [12, 23], "uv_size": [2, 11]},
								"east": {"uv": [0, 31], "uv_size": [1, 11]},
								"south": {"uv": [4, 24], "uv_size": [2, 11]},
								"west": {"uv": [1, 31], "uv_size": [1, 11]},
								"up": {"uv": [20, 15], "uv_size": [2, 1]},
								"down": {"uv": [33, 42], "uv_size": [2, -1]}
							}
						},
						{
							"origin": [-3.5, 6.6447, 3.69561],
							"size": [2, 10, 2],
							"pivot": [-1.75, 12.7663, 5.60273],
							"rotation": [-5, 0, 0],
							"uv": {
								"north": {"uv": [24, 25], "uv_size": [2, 10]},
								"east": {"uv": [14, 26], "uv_size": [2, 10]},
								"south": {"uv": [16, 26], "uv_size": [2, 10]},
								"west": {"uv": [18, 26], "uv_size": [2, 10]},
								"up": {"uv": [39, 6], "uv_size": [2, 2]},
								"down": {"uv": [14, 41], "uv_size": [2, -2]}
							}
						},
						{
							"origin": [-3, 11.66884, 5.44865],
							"size": [1, 1, 2],
							"pivot": [-1.75, 12.7663, 5.60273],
							"rotation": [10, 0, 0],
							"uv": {
								"north": {"uv": [10, 45], "uv_size": [1, 1]},
								"east": {"uv": [27, 44], "uv_size": [2, 1]},
								"south": {"uv": [45, 10], "uv_size": [1, 1]},
								"west": {"uv": [44, 28], "uv_size": [2, 1]},
								"up": {"uv": [29, 44], "uv_size": [1, 2]},
								"down": {"uv": [44, 31], "uv_size": [1, -2]}
							}
						},
						{
							"origin": [-3, 12.52362, 5.08285],
							"size": [1, 1, 2],
							"pivot": [-1.75, 12.7663, 5.60273],
							"rotation": [22.5, 0, 0],
							"uv": {
								"north": {"uv": [5, 45], "uv_size": [1, 1]},
								"east": {"uv": [25, 43], "uv_size": [2, 1]},
								"south": {"uv": [45, 5], "uv_size": [1, 1]},
								"west": {"uv": [33, 43], "uv_size": [2, 1]},
								"up": {"uv": [0, 44], "uv_size": [1, 2]},
								"down": {"uv": [1, 46], "uv_size": [1, -2]}
							}
						},
						{
							"origin": [-3, 13.46672, 4.77294],
							"size": [1, 1, 2],
							"pivot": [-1.75, 12.7663, 5.60273],
							"rotation": [32.5, 0, 0],
							"uv": {
								"north": {"uv": [6, 45], "uv_size": [1, 1]},
								"east": {"uv": [2, 44], "uv_size": [2, 1]},
								"south": {"uv": [45, 6], "uv_size": [1, 1]},
								"west": {"uv": [4, 44], "uv_size": [2, 1]},
								"up": {"uv": [44, 6], "uv_size": [1, 2]},
								"down": {"uv": [44, 11], "uv_size": [1, -2]}
							}
						},
						{
							"origin": [-3.5, 16.53634, 3.43878],
							"size": [2, 2, 4],
							"pivot": [-3, 27.03634, 3.93878],
							"rotation": [5, 0, 0],
							"uv": {
								"north": {"uv": [40, 21], "uv_size": [2, 2]},
								"east": {"uv": [38, 15], "uv_size": [4, 2]},
								"south": {"uv": [22, 40], "uv_size": [2, 2]},
								"west": {"uv": [38, 17], "uv_size": [4, 2]},
								"up": {"uv": [6, 35], "uv_size": [2, 4]},
								"down": {"uv": [38, 23], "uv_size": [2, -4]}
							}
						},
						{
							"origin": [-3, 17.13634, 7.43878],
							"size": [1, 1, 3],
							"pivot": [-3, 27.03634, 3.93878],
							"rotation": [5, 0, 0],
							"uv": {
								"north": {"uv": [11, 45], "uv_size": [1, 1]},
								"east": {"uv": [42, 0], "uv_size": [3, 1]},
								"south": {"uv": [12, 45], "uv_size": [1, 1]},
								"west": {"uv": [42, 1], "uv_size": [3, 1]},
								"up": {"uv": [14, 23], "uv_size": [1, 3]},
								"down": {"uv": [11, 42], "uv_size": [1, -3]}
							}
						}
					]
				},
				{
					"name": "Right_Leg",
					"parent": "FullBody",
					"pivot": [-3.5, 10.5, 2.5]
				},
				{
					"name": "RJoint1",
					"parent": "Right_Leg",
					"pivot": [-1.5, 13, 2.5],
					"cubes": [
						{
							"origin": [-2, 12, 2],
							"size": [1, 6, 1],
							"pivot": [-1.5, 13, 2.5],
							"rotation": [0, 0, -10],
							"uv": {
								"north": {"uv": [37, 38], "uv_size": [1, 6]},
								"east": {"uv": [38, 37], "uv_size": [1, 6]},
								"south": {"uv": [39, 0], "uv_size": [1, 6]},
								"west": {"uv": [6, 39], "uv_size": [1, 6]},
								"up": {"uv": [44, 39], "uv_size": [1, 1]},
								"down": {"uv": [40, 45], "uv_size": [1, -1]}
							}
						}
					]
				},
				{
					"name": "RFeet",
					"parent": "Right_Leg",
					"pivot": [-1.0404, 12.89856, 2.5],
					"cubes": [
						{
							"origin": [-2, 0, 1],
							"size": [3, 1, 1],
							"pivot": [0.29894, 0.5923, 1.5],
							"rotation": [0, 12.5, 0],
							"uv": {
								"north": {"uv": [41, 35], "uv_size": [3, 1]},
								"east": {"uv": [44, 43], "uv_size": [1, 1]},
								"south": {"uv": [41, 36], "uv_size": [3, 1]},
								"west": {"uv": [44, 44], "uv_size": [1, 1]},
								"up": {"uv": [41, 37], "uv_size": [3, 1]},
								"down": {"uv": [41, 39], "uv_size": [3, -1]}
							}
						},
						{
							"origin": [-0.78792, 0.78233, 1],
							"size": [3, 1, 1],
							"pivot": [0.29894, 0.5923, 1.5],
							"rotation": [0, 12.5, 52.5],
							"uv": {
								"north": {"uv": [39, 41], "uv_size": [3, 1]},
								"east": {"uv": [45, 0], "uv_size": [1, 1]},
								"south": {"uv": [41, 39], "uv_size": [3, 1]},
								"west": {"uv": [45, 1], "uv_size": [1, 1]},
								"up": {"uv": [41, 40], "uv_size": [3, 1]},
								"down": {"uv": [0, 43], "uv_size": [3, -1]}
							}
						},
						{
							"origin": [-0.78792, 0.78233, 3],
							"size": [3, 1, 1],
							"pivot": [0.29894, 0.5923, 3.5],
							"rotation": [0, -12.5, 52.5],
							"uv": {
								"north": {"uv": [41, 31], "uv_size": [3, 1]},
								"east": {"uv": [42, 44], "uv_size": [1, 1]},
								"south": {"uv": [41, 32], "uv_size": [3, 1]},
								"west": {"uv": [43, 44], "uv_size": [1, 1]},
								"up": {"uv": [41, 33], "uv_size": [3, 1]},
								"down": {"uv": [41, 35], "uv_size": [3, -1]}
							}
						},
						{
							"origin": [-2, 0, 3],
							"size": [3, 1, 1],
							"pivot": [0.29894, 0.5923, 3.5],
							"rotation": [0, -12.5, 0],
							"uv": {
								"north": {"uv": [41, 27], "uv_size": [3, 1]},
								"east": {"uv": [44, 40], "uv_size": [1, 1]},
								"south": {"uv": [41, 28], "uv_size": [3, 1]},
								"west": {"uv": [41, 44], "uv_size": [1, 1]},
								"up": {"uv": [41, 29], "uv_size": [3, 1]},
								"down": {"uv": [41, 31], "uv_size": [3, -1]}
							}
						},
						{
							"origin": [-2, 0, 2],
							"size": [1, 9, 1],
							"pivot": [-2, 0, 4],
							"rotation": [0, 0, -15],
							"uv": {
								"north": {"uv": [32, 33], "uv_size": [1, 9]},
								"east": {"uv": [34, 0], "uv_size": [1, 9]},
								"south": {"uv": [12, 34], "uv_size": [1, 9]},
								"west": {"uv": [13, 34], "uv_size": [1, 9]},
								"up": {"uv": [2, 45], "uv_size": [1, 1]},
								"down": {"uv": [45, 3], "uv_size": [1, -1]}
							}
						},
						{
							"origin": [-3, 8, 2],
							"size": [1, 6, 1],
							"pivot": [-3.5, 10.5, 2.5],
							"rotation": [0, 0, 25],
							"uv": {
								"north": {"uv": [7, 39], "uv_size": [1, 6]},
								"east": {"uv": [8, 39], "uv_size": [1, 6]},
								"south": {"uv": [9, 39], "uv_size": [1, 6]},
								"west": {"uv": [10, 39], "uv_size": [1, 6]},
								"up": {"uv": [3, 45], "uv_size": [1, 1]},
								"down": {"uv": [45, 4], "uv_size": [1, -1]}
							}
						}
					]
				},
				{
					"name": "Left_Leg",
					"parent": "FullBody",
					"pivot": [-3.5, 10.5, -2.5]
				},
				{
					"name": "Joint",
					"parent": "Left_Leg",
					"pivot": [-1.5, 13, -2.5],
					"cubes": [
						{
							"origin": [-2, 12, -3],
							"size": [1, 6, 1],
							"pivot": [-1.5, 13, -2.5],
							"rotation": [0, 0, -10],
							"uv": {
								"north": {"uv": [29, 38], "uv_size": [1, 6]},
								"east": {"uv": [38, 31], "uv_size": [1, 6]},
								"south": {"uv": [35, 38], "uv_size": [1, 6]},
								"west": {"uv": [36, 39], "uv_size": [-1, 6]},
								"up": {"uv": [44, 38], "uv_size": [1, 1]},
								"down": {"uv": [39, 45], "uv_size": [1, -1]}
							}
						}
					]
				},
				{
					"name": "Feet",
					"parent": "Left_Leg",
					"pivot": [-0.6404, 12.89856, -2.5],
					"cubes": [
						{
							"origin": [-0.78792, 0.78233, -4],
							"size": [3, 1, 1],
							"pivot": [0.29894, 0.5923, -3.5],
							"rotation": [0, 12.5, 52.5],
							"uv": {
								"north": {"uv": [41, 12], "uv_size": [3, 1]},
								"east": {"uv": [44, 34], "uv_size": [1, 1]},
								"south": {"uv": [41, 13], "uv_size": [3, 1]},
								"west": {"uv": [35, 44], "uv_size": [1, 1]},
								"up": {"uv": [14, 41], "uv_size": [3, 1]},
								"down": {"uv": [41, 15], "uv_size": [3, -1]}
							}
						},
						{
							"origin": [-2, 0, -4],
							"size": [3, 1, 1],
							"pivot": [0.29894, 0.5923, -3.5],
							"rotation": [0, 12.5, 0],
							"uv": {
								"north": {"uv": [17, 41], "uv_size": [3, 1]},
								"east": {"uv": [44, 35], "uv_size": [1, 1]},
								"south": {"uv": [24, 41], "uv_size": [3, 1]},
								"west": {"uv": [36, 44], "uv_size": [1, 1]},
								"up": {"uv": [41, 25], "uv_size": [3, 1]},
								"down": {"uv": [41, 27], "uv_size": [3, -1]}
							}
						},
						{
							"origin": [-0.78792, 0.78233, -2],
							"size": [3, 1, 1],
							"pivot": [0.29894, 0.5923, -1.5],
							"rotation": [0, -12.5, 52.5],
							"uv": {
								"north": {"uv": [41, 7], "uv_size": [3, 1]},
								"east": {"uv": [22, 39], "uv_size": [1, 1]},
								"south": {"uv": [41, 9], "uv_size": [3, 1]},
								"west": {"uv": [11, 42], "uv_size": [1, 1]},
								"up": {"uv": [41, 10], "uv_size": [3, 1]},
								"down": {"uv": [41, 12], "uv_size": [3, -1]}
							}
						},
						{
							"origin": [-2, 0, -2],
							"size": [3, 1, 1],
							"pivot": [0.29894, 0.5923, -1.5],
							"rotation": [0, -12.5, 0],
							"uv": {
								"north": {"uv": [35, 15], "uv_size": [3, 1]},
								"east": {"uv": [30, 9], "uv_size": [1, 1]},
								"south": {"uv": [39, 8], "uv_size": [3, 1]},
								"west": {"uv": [31, 18], "uv_size": [1, 1]},
								"up": {"uv": [24, 40], "uv_size": [3, 1]},
								"down": {"uv": [41, 7], "uv_size": [3, -1]}
							}
						},
						{
							"origin": [-2, 0, -3],
							"size": [1, 9, 1],
							"pivot": [-2, 0, -1],
							"rotation": [0, 0, -15],
							"uv": {
								"north": {"uv": [31, 9], "uv_size": [1, 9]},
								"east": {"uv": [30, 33], "uv_size": [1, 9]},
								"south": {"uv": [33, 30], "uv_size": [1, 9]},
								"west": {"uv": [31, 33], "uv_size": [1, 9]},
								"up": {"uv": [44, 36], "uv_size": [1, 1]},
								"down": {"uv": [37, 45], "uv_size": [1, -1]}
							}
						},
						{
							"origin": [-3, 8, -3],
							"size": [1, 6, 1],
							"pivot": [-3.5, 10.5, -2.5],
							"rotation": [0, 0, 25],
							"uv": {
								"north": {"uv": [29, 19], "uv_size": [1, 6]},
								"east": {"uv": [38, 25], "uv_size": [1, 6]},
								"south": {"uv": [27, 38], "uv_size": [1, 6]},
								"west": {"uv": [28, 38], "uv_size": [1, 6]},
								"up": {"uv": [44, 37], "uv_size": [1, 1]},
								"down": {"uv": [38, 45], "uv_size": [1, -1]}
							}
						}
					]
				},
				{
					"name": "Body",
					"parent": "FullBody",
					"pivot": [-3.5, 18.5, -2.5],
					"cubes": [
						{
							"origin": [-3.84836, 17.68088, -3.5],
							"size": [2, 5, 7],
							"pivot": [-2.84836, 20.18088, 0],
							"rotation": [0, 0, -15],
							"uv": {
								"north": {"uv": [27, 10], "uv_size": [2, 5]},
								"east": {"uv": [15, 16], "uv_size": [7, 5]},
								"south": {"uv": [33, 11], "uv_size": [2, 5]},
								"west": {"uv": [15, 21], "uv_size": [7, 5]},
								"up": {"uv": [30, 19], "uv_size": [2, 7]},
								"down": {"uv": [30, 33], "uv_size": [2, -7]}
							}
						},
						{
							"origin": [-1.19523, 28.02135, -10.45035],
							"size": [1, 1, 3],
							"pivot": [-0.69523, 28.57135, -7.95035],
							"rotation": [-7.5, 0, 0],
							"uv": {
								"north": {"uv": [45, 12], "uv_size": [1, 1]},
								"east": {"uv": [42, 2], "uv_size": [3, 1]},
								"south": {"uv": [45, 13], "uv_size": [1, 1]},
								"west": {"uv": [42, 3], "uv_size": [3, 1]},
								"up": {"uv": [20, 41], "uv_size": [1, 3]},
								"down": {"uv": [21, 44], "uv_size": [1, -3]}
							}
						},
						{
							"origin": [-1.69523, 27.62135, -7.45035],
							"size": [2, 2, 5],
							"pivot": [-0.69523, 28.57135, -7.95035],
							"rotation": [-7.5, 0, 0],
							"uv": {
								"north": {"uv": [40, 4], "uv_size": [2, 2]},
								"east": {"uv": [33, 16], "uv_size": [5, 2]},
								"south": {"uv": [40, 19], "uv_size": [2, 2]},
								"west": {"uv": [33, 18], "uv_size": [5, 2]},
								"up": {"uv": [33, 20], "uv_size": [2, 5]},
								"down": {"uv": [33, 30], "uv_size": [2, -5]}
							}
						}
					]
				},
				{
					"name": "UpperBody",
					"parent": "Body",
					"pivot": [-3.14795, 25.99504, 0],
					"cubes": [
						{
							"origin": [-5.14795, 22.49504, -3.5],
							"size": [4, 7, 7],
							"pivot": [-3.14795, 25.99504, 0],
							"rotation": [0, 0, 5],
							"uv": {
								"north": {"uv": [8, 23], "uv_size": [4, 7]},
								"east": {"uv": [8, 16], "uv_size": [7, 7]},
								"south": {"uv": [23, 8], "uv_size": [4, 7]},
								"west": {"uv": [16, 8], "uv_size": [7, 7]},
								"up": {"uv": [0, 24], "uv_size": [4, 7]},
								"down": {"uv": [24, 7], "uv_size": [4, -7]}
							}
						}
					]
				},
				{
					"name": "UderBody",
					"parent": "Body",
					"pivot": [-2.84836, 20.18088, 0],
					"cubes": [
						{
							"origin": [-1.44836, 17.68088, -3.5],
							"size": [0, 5, 7],
							"pivot": [-2.84836, 20.18088, 0],
							"rotation": [0, 0, -15],
							"uv": {
								"north": {"uv": [0, 0], "uv_size": [0, 5]},
								"east": {"uv": [22, 15], "uv_size": [7, 5]},
								"south": {"uv": [0, 0], "uv_size": [0, 5]},
								"west": {"uv": [22, 20], "uv_size": [7, 5]},
								"up": {"uv": [0, 0], "uv_size": [0, 7]},
								"down": {"uv": [0, 7], "uv_size": [0, -7]}
							}
						}
					]
				},
				{
					"name": "Head",
					"parent": "bone",
					"pivot": [-0.25937, 32.34887, -0.3],
					"rotation": [0, 0, 2.5],
					"cubes": [
						{
							"origin": [-4.94329, 28.8652, -4],
							"size": [8, 8, 8],
							"pivot": [-1.94329, 32.8652, 0],
							"rotation": [0, 0, 12.5],
							"uv": {
								"north": {"uv": [0, 0], "uv_size": [8, 8]},
								"east": {"uv": [0, 8], "uv_size": [8, 8]},
								"south": {"uv": [8, 0], "uv_size": [8, 8]},
								"west": {"uv": [8, 8], "uv_size": [8, 8]},
								"up": {"uv": [0, 16], "uv_size": [8, 8]},
								"down": {"uv": [16, 8], "uv_size": [8, -8]}
							}
						}
					]
				},
				{
					"name": "Eye2",
					"parent": "Head",
					"pivot": [-0.5, 36.5, 3.5],
					"cubes": [
						{
							"origin": [-2, 35, 2],
							"size": [3, 3, 3],
							"pivot": [-0.5, 36.5, 3.5],
							"rotation": [11.63487, -3.6749, 2.3804],
							"uv": {
								"north": {"uv": [35, 9], "uv_size": [3, 3]},
								"east": {"uv": [35, 12], "uv_size": [3, 3]},
								"south": {"uv": [35, 20], "uv_size": [3, 3]},
								"west": {"uv": [35, 23], "uv_size": [3, 3]},
								"up": {"uv": [24, 35], "uv_size": [3, 3]},
								"down": {"uv": [35, 29], "uv_size": [3, -3]}
							}
						}
					]
				},
				{
					"name": "Eye3",
					"parent": "Head",
					"pivot": [-4.44329, 34.3652, -4.5],
					"cubes": [
						{
							"origin": [-5.94329, 32.8652, -6],
							"size": [3, 3, 3],
							"uv": {
								"north": {"uv": [27, 35], "uv_size": [3, 3]},
								"east": {"uv": [35, 29], "uv_size": [3, 3]},
								"south": {"uv": [35, 32], "uv_size": [3, 3]},
								"west": {"uv": [35, 35], "uv_size": [3, 3]},
								"up": {"uv": [36, 0], "uv_size": [3, 3]},
								"down": {"uv": [36, 6], "uv_size": [3, -3]}
							}
						}
					]
				},
				{
					"name": "EyeTemp",
					"parent": "Head",
					"pivot": [2.55671, 30.3652, 3.5],
					"cubes": [
						{
							"origin": [1.05671, 28.8652, 2],
							"size": [3, 3, 3],
							"pivot": [2.55671, 30.3652, 3.5],
							"rotation": [7.38733, 1.29876, -9.91615],
							"uv": {
								"north": {"uv": [36, 6], "uv_size": [3, 3]},
								"east": {"uv": [14, 36], "uv_size": [3, 3]},
								"south": {"uv": [17, 36], "uv_size": [3, 3]},
								"west": {"uv": [20, 36], "uv_size": [3, 3]},
								"up": {"uv": [38, 9], "uv_size": [3, 3]},
								"down": {"uv": [38, 15], "uv_size": [3, -3]}
							}
						}
					]
				},
				{
					"name": "Eye",
					"parent": "Head",
					"pivot": [2.55671, 30.3652, 3.5],
					"cubes": [
						{
							"origin": [1.05671, 28.8652, 2],
							"size": [3, 3, 3],
							"pivot": [2.55671, 30.3652, 3.5],
							"rotation": [7.38733, 1.29876, -9.91615],
							"uv": {
								"north": {"uv": [36, 6], "uv_size": [3, 3]},
								"east": {"uv": [14, 36], "uv_size": [3, 3]},
								"south": {"uv": [17, 36], "uv_size": [3, 3]},
								"west": {"uv": [20, 36], "uv_size": [3, 3]},
								"up": {"uv": [38, 9], "uv_size": [3, 3]},
								"down": {"uv": [38, 15], "uv_size": [3, -3]}
							}
						}
					]
				}
			]
		}
	]
}