{
    "format_version": "1.12.0",
    "minecraft:geometry": [{
        "description": {
            "identifier": "geometry.ghost",
            "texture_width": 64,
            "texture_height": 64,
            "visible_bounds_width": 3,
            "visible_bounds_height": 3.5,
            "visible_bounds_offset": [0, 1.25, 0]
        },
        "bones": [{
                "name": "head",
                "pivot": [0, 24, 0],
                "mirror": true,
                "cubes": [
                    { "origin": [-4, 24, -4], "size": [8, 8, 8], "uv": [16, 20], "mirror": false }
                ]
            },
            {
                "name": "body",
                "pivot": [0, 24, 0],
                "mirror": true,
                "cubes": [
                    { "origin": [-4, 0, -2], "size": [8, 24, 4], "uv": [0, 0], "mirror": false }
                ]
            },
            {
                "name": "leftArm",
                "pivot": [-5, 22, 0],
                "mirror": true,
                "cubes": [
                    { "origin": [-8, 12, -7], "size": [4, 12, 9], "pivot": [-6, 22, 0], "rotation": [80.13902, -9.85518, 0.95694], "uv": [0, 36] }
                ]
            },
            {
                "name": "rightArm",
                "pivot": [5, 22, 0],
                "mirror": true,
                "cubes": [
                    { "origin": [4, 12, -7], "size": [4, 12, 9], "pivot": [6, 22, 0], "rotation": [80.13902, 9.85518, -0.95694], "uv": [0, 36], "mirror": false }
                ]
            }
        ]
    }]
}