{
  "format_version": "1.14.0",
  "minecraft:geometry": [
    {
      "description": {
        "identifier": "geometry.ghoul",
        "texture_width": 128,
        "texture_height": 128,
        "visible_bounds_width": 4,
        "visible_bounds_height": 4,
        "visible_bounds_offset": [
          0,
          2,
          0
        ]
      },
      "bones": [
        {
          "name": "root",
          "pivot": [
            0,
            0,
            0
          ]
        },
        {
          "name": "head",
          "parent": "body",
          "pivot": [
            0,
            24,
            0
          ],
          "mirror": true,
          "cubes": [
            {
              "origin": [
                -2,
                25,
                -4
              ],
              "size": [
                1,
                2,
                0.2
              ],
              "uv": [
                34,
                125
              ],
              "mirror": false
            },
            {
              "origin": [
                -4,
                24,
                -4
              ],
              "size": [
                8,
                8,
                8
              ],
              "uv": [
                0,
                0
              ]
            }
          ]
        },
        {
          "name": "body",
          "parent": "root",
          "pivot": [
            0,
            24,
            0
          ],
          "mirror": true,
          "cubes": [
            {
              "origin": [
                -4,
                12,
                -2
              ],
              "size": [
                8,
                12,
                4
              ],
              "uv": [
                16,
                16
              ]
            }
          ]
        },
        {
          "name": "leftleg",
          "parent": "body",
          "pivot": [
            -1.9,
            12,
            0
          ],
          "mirror": true,
          "cubes": [
            {
              "origin": [
                -3.9,
                0,
                -2
              ],
              "size": [
                4,
                12,
                4
              ],
              "uv": [
                0,
                16
              ],
              "mirror": false
            }
          ]
        },
        {
          "name": "rightitem",
          "pivot": [ -6, 15, 1 ],
          "locators": {
            "lead_hold": [ -6, 15, 1 ]
          },
          "parent": "rightarm"
        },
        {
          "name": "rightarm",
          "parent": "body",
          "pivot": [
            5,
            22,
            0
          ],
          "mirror": true,
          "cubes": [
            {
              "origin": [
                4,
                12,
                -2
              ],
              "size": [
                4,
                12,
                4
              ],
              "uv": [
                37,
                16
              ]
            }
          ]
        },
        {
          "name": "rightleg",
          "parent": "body",
          "pivot": [
            1.9,
            12,
            0
          ],
          "mirror": true,
          "cubes": [
            {
              "origin": [
                -0.1,
                0,
                -2
              ],
              "size": [
                4,
                12,
                4
              ],
              "uv": [
                0,
                16
              ]
            }
          ]
        },
        {
          "name": "wings",
          "parent": "body",
          "pivot": [
            0,
            13,
            2
          ],
          "cubes": [
            {
              "origin": [
                -6,
                13,
                2
              ],
              "size": [
                2,
                20,
                1
              ],
              "uv": [
                4,
                108
              ]
            },
            {
              "origin": [
                -8,
                13,
                2.25
              ],
              "size": [
                2,
                23,
                1
              ],
              "uv": [
                4,
                108
              ]
            },
            {
              "origin": [
                -12,
                13,
                3
              ],
              "size": [
                2,
                28,
                1
              ],
              "uv": [
                4,
                108
              ]
            },
            {
              "origin": [
                -14,
                14,
                3.5
              ],
              "size": [
                2,
                29,
                1
              ],
              "uv": [
                4,
                108
              ]
            },
            {
              "origin": [
                -16,
                17,
                4
              ],
              "size": [
                2,
                28,
                1
              ],
              "uv": [
                4,
                108
              ]
            },
            {
              "origin": [
                -17,
                18,
                3.75
              ],
              "size": [
                1,
                26,
                1
              ],
              "uv": [
                4,
                108
              ]
            },
            {
              "origin": [
                -10,
                11,
                2.5
              ],
              "size": [
                2,
                27,
                1
              ],
              "uv": [
                4,
                108
              ]
            }
          ]
        },
        {
          "name": "leftitem",
          "pivot": [ 6.0, 15.0, 1.0 ],
          "parent": "leftarm"
        },
        {
          "name": "leftarm",
          "parent": "body",
          "pivot": [
            -5,
            22,
            0
          ],
          "mirror": true,
          "cubes": [
            {
              "origin": [
                -9,
                10,
                -2
              ],
              "size": [
                1,
                3,
                1
              ],
              "uv": [
                27,
                118
              ],
              "mirror": false
            },
            {
              "origin": [
                -7,
                10,
                -3
              ],
              "size": [
                1,
                3,
                1
              ],
              "uv": [
                24,
                100
              ],
              "mirror": false
            },
            {
              "origin": [
                -8,
                12,
                -2
              ],
              "size": [
                4,
                12,
                4
              ],
              "uv": [
                40,
                16
              ],
              "mirror": false
            },
            {
              "origin": [
                -8.5,
                11,
                -2.5
              ],
              "size": [
                4.5,
                10,
                5.25
              ],
              "inflate":-0.3,
              "uv": [
                18,
                108
              ],
              "mirror": false
            },
            {
              "origin": [
                -5,
                10,
                -3
              ],
              "size": [
                1,
                3,
                1
              ],
              "uv": [
                26,
                87
              ],
              "mirror": false
            },
            {
              "origin": [
                -9,
                10,
                0
              ],
              "size": [
                1,
                3,
                1
              ],
              "uv": [
                24,
                100
              ],
              "mirror": false
            }
          ]
        }
      ]
    }
  ]
}