{
  "format_version": "1.16.0",
  "minecraft:geometry": [
    {
      "description": {
        "identifier": "geometry.ghoul.new",
        "texture_width": 128.0,
        "texture_height": 128.0,
        "visible_bounds_width": 4,
        "visible_bounds_height": 4,
        "visible_bounds_offset": [
          0,
          2,
          0
        ]
      },
      "bones": [
        {
          "name": "root",
          "pivot": [
            0,
            0,
            0
          ]
        },
        {
          "name": "body",
          "parent": "root",
          "pivot": [
            0,
            24,
            0
          ],
          "mirror": true,
          "cubes": [
            {
              "origin": [
                -4,
                12,
                -2
              ],
              "size": [
                8,
                12,
                4
              ],
              "uv": [
                16,
                16
              ]
            }
          ]
        },
        {
          "name": "head",
          "parent": "body",
          "pivot": [
            0,
            24,
            0
          ],
          "mirror": true,
          "cubes": [
            {
              "origin": [
                -2,
                25,
                -4
              ],
              "size": [
                1,
                2,
                0.2
              ],
              "uv": [
                34,
                125
              ],
              "mirror": false
            },
            {
              "origin": [
                -4,
                24,
                -4
              ],
              "size": [
                8,
                8,
                8
              ],
              "uv": [
                0,
                0
              ]
            }
          ]
        },
        {
          "name": "leftleg",
          "parent": "body",
          "pivot": [
            -1.9,
            12,
            0
          ],
          "mirror": true,
          "cubes": [
            {
              "origin": [
                -3.9,
                0,
                -2
              ],
              "size": [
                4,
                12,
                4
              ],
              "uv": [
                0,
                16
              ],
              "mirror": false
            }
          ]
        },
        {
          "name": "rightarm",
          "parent": "body",
          "pivot": [
            5,
            22,
            0
          ],
          "mirror": true,
          "cubes": [
            {
              "origin": [
                4,
                12,
                -2
              ],
              "size": [
                4,
                12,
                4
              ],
              "uv": [
                37,
                16
              ]
            }
          ]
        },
        {
          "name": "rightitem",
          "parent": "rightarm",
          "pivot": [
            -6,
            15,
            1
          ],
          "locators":{
            "lead_hold": [
              -6,
              15,
              1
            ]
          }
        },
        {
          "name": "rightleg",
          "parent": "body",
          "pivot": [
            1.9,
            12,
            0
          ],
          "mirror": true,
          "cubes": [
            {
              "origin": [
                -0.1,
                0,
                -2
              ],
              "size": [
                4,
                12,
                4
              ],
              "uv": [
                0,
                16
              ]
            }
          ]
        },
        {
          "name": "right_wing",
          "parent": "body",
          "pivot": [
            -2,
            13,
            2
          ],
          "cubes": [
            {
              "origin": [
                -1,
                13,
                2
              ],
              "size": [
                1,
                7,
                1
              ],
              "uv": [
                9,
                115
              ]
            },
            {
              "origin": [
                -2,
                13,
                3
              ],
              "size": [
                1,
                11,
                1
              ],
              "uv": [
                9,
                115
              ]
            },
            {
              "origin": [
                -3,
                13,
                4
              ],
              "size": [
                1,
                18,
                1
              ],
              "uv": [
                9,
                115
              ]
            },
            {
              "origin": [
                -22,
                21,
                2
              ],
              "size": [
                5,
                4,
                1
              ],
              "uv": [
                9,
                115
              ]
            },
            {
              "origin": [
                -21,
                17,
                2
              ],
              "size": [
                4,
                4,
                1
              ],
              "uv": [
                9,
                115
              ]
            },
            {
              "origin": [
                -20,
                16,
                2
              ],
              "size": [
                3,
                1,
                1
              ],
              "uv": [
                9,
                115
              ]
            },
            {
              "origin": [
                -17,
                15,
                2
              ],
              "size": [
                4,
                1,
                1
              ],
              "uv": [
                9,
                115
              ]
            },
            {
              "origin": [
                -13,
                14,
                3
              ],
              "size": [
                4,
                1,
                1
              ],
              "uv": [
                9,
                115
              ]
            },
            {
              "origin": [
                -5,
                12,
                2
              ],
              "size": [
                2,
                1,
                1
              ],
              "uv": [
                9,
                115
              ]
            },
            {
              "origin": [
                -4,
                12,
                3
              ],
              "size": [
                3,
                1,
                1
              ],
              "uv": [
                9,
                115
              ]
            },
            {
              "origin": [
                -10,
                13,
                4
              ],
              "size": [
                7,
                19,
                1
              ],
              "uv": [
                9,
                115
              ]
            },
            {
              "origin": [
                -13,
                14,
                3
              ],
              "size": [
                3,
                19,
                1
              ],
              "uv": [
                9,
                115
              ]
            },
            {
              "origin": [
                -17,
                15,
                3
              ],
              "size": [
                4,
                19,
                1
              ],
              "uv": [
                9,
                115
              ]
            },
            {
              "origin": [
                -24,
                29,
                3
              ],
              "size": [
                7,
                6,
                1
              ],
              "uv": [
                9,
                115
              ]
            },
            {
              "origin": [
                -23,
                25,
                3
              ],
              "size": [
                6,
                4,
                1
              ],
              "uv": [
                9,
                115
              ]
            }
          ]
        },
        {
          "name": "left_wing",
          "parent": "body",
          "pivot": [
            2,
            13,
            2
          ],
          "cubes": [
            {
              "origin": [
                0,
                13,
                2
              ],
              "size": [
                1,
                7,
                1
              ],
              "uv": [
                9,
                115
              ]
            },
            {
              "origin": [
                1,
                13,
                3
              ],
              "size": [
                1,
                11,
                1
              ],
              "uv": [
                9,
                115
              ]
            },
            {
              "origin": [
                2,
                13,
                4
              ],
              "size": [
                1,
                18,
                1
              ],
              "uv": [
                9,
                115
              ]
            },
            {
              "origin": [
                56,
                21,
                11
              ],
              "size": [
                5,
                4,
                1
              ],
              "pivot": [
                39,
                0,
                7
              ],
              "rotation": [
                0,
                180,
                0
              ],
              "uv": [
                9,
                115
              ]
            },
            {
              "origin": [
                57,
                17,
                11
              ],
              "size": [
                4,
                4,
                1
              ],
              "pivot": [
                39,
                0,
                7
              ],
              "rotation": [
                0,
                180,
                0
              ],
              "uv": [
                9,
                115
              ]
            },
            {
              "origin": [
                17,
                16,
                3
              ],
              "size": [
                3,
                1,
                1
              ],
              "uv": [
                9,
                115
              ]
            },
            {
              "origin": [
                13,
                15,
                2
              ],
              "size": [
                4,
                1,
                1
              ],
              "uv": [
                9,
                115
              ]
            },
            {
              "origin": [
                9,
                14,
                3
              ],
              "size": [
                4,
                1,
                1
              ],
              "uv": [
                9,
                115
              ]
            },
            {
              "origin": [
                4,
                12,
                4
              ],
              "size": [
                2,
                1,
                1
              ],
              "uv": [
                9,
                115
              ]
            },
            {
              "origin": [
                1,
                12,
                3
              ],
              "size": [
                3,
                1,
                1
              ],
              "uv": [
                9,
                115
              ]
            },
            {
              "origin": [
                3,
                13,
                4
              ],
              "size": [
                7,
                19,
                1
              ],
              "uv": [
                9,
                115
              ]
            },
            {
              "origin": [
                10,
                14,
                3
              ],
              "size": [
                3,
                19,
                1
              ],
              "uv": [
                9,
                115
              ]
            },
            {
              "origin": [
                13,
                15,
                3
              ],
              "size": [
                4,
                19,
                1
              ],
              "uv": [
                9,
                115
              ]
            },
            {
              "origin": [
                54,
                29,
                10
              ],
              "size": [
                7,
                6,
                1
              ],
              "pivot": [
                39,
                0,
                7
              ],
              "rotation": [
                0,
                180,
                0
              ],
              "uv": [
                9,
                115
              ]
            },
            {
              "origin": [
                55,
                25,
                10
              ],
              "size": [
                6,
                4,
                1
              ],
              "pivot": [
                39,
                0,
                7
              ],
              "rotation": [
                0,
                180,
                0
              ],
              "uv": [
                9,
                115
              ]
            }
          ]
        },
        {
          "name": "leftarm",
          "parent": "body",
          "pivot": [
            -5,
            22,
            0
          ],
          "mirror": true,
          "cubes": [
            {
              "origin": [
                -8,
                12,
                -2
              ],
              "size": [
                4,
                12,
                4
              ],
              "uv": [
                40,
                16
              ],
              "mirror": false
            },
            {
              "origin": [
                -8,
                11,
                -2
              ],
              "size": [
                4,
                9,
                4
              ],
              "inflate": 0.2,
              "uv": [
                44,
                111
              ],
              "mirror": false
            }
          ]
        },
        {
          "name": "leftitem",
          "parent": "leftarm",
          "pivot": [
            6,
            15,
            1
          ]
        }
      ]
    }
  ]
}