{
    "format_version": "1.12.0",
    "minecraft:geometry": [{
        "description": {
            "identifier": "geometry.reaper",
            "texture_width": 128,
            "texture_height": 128,
            "visible_bounds_width": 3,
            "visible_bounds_height": 3.5,
            "visible_bounds_offset": [0, 1.25, 0]
        },
        "bones": [{
                "name": "head",
                "pivot": [0, 24, 0],
                "mirror": true,
                "cubes": [
                    { "origin": [-4, 24, -3.2], "size": [8, 8, 8], "uv": [0, 0], "mirror": false },
                    { "origin": [-3.5, 24.5, -1.5], "size": [7, 7, 6], "uv": [44, 16], "mirror": false }
                ]
            },
            {
                "name": "body",
                "pivot": [0, 24, 0],
                "mirror": true,
                "cubes": [
                    { "origin": [-4, 12, -1.4], "size": [8, 12, 4], "inflate": 0.1, "pivot": [0, 18, 0], "rotation": [-5, 0, 0], "uv": [32, 0], "mirror": false },
                    { "origin": [-4, 12, -1.4], "size": [8, 12, 4], "pivot": [0, 18, 0], "rotation": [-5, 0, 0], "uv": [24, 35], "mirror": false },
                    { "origin": [-3.9, 0.57158, -2.09409], "size": [8, 12, 4], "pivot": [0.1, 12.57158, -0.09409], "rotation": [15, 0, 0], "uv": [0, 35], "mirror": false }
                ]
            },
            {
                "name": "rightArm",
                "pivot": [5, 22, 0],
                "mirror": true,
                "cubes": [
                    { "origin": [4, 12, -2], "size": [4, 12, 4], "pivot": [6, 22, 0], "rotation": [-80.45411, 2.99318, -17.25002], "uv": [48, 29], "mirror": false },
                    { "origin": [4.5, 11.9, -1.5], "size": [3, 12, 3], "pivot": [6, 22, 0], "rotation": [-80.45411, 2.99318, -17.25002], "uv": [12, 51], "mirror": false },
                    { "origin": [4.50885, 10.71382, 0.22679], "size": [4, 12, 7], "pivot": [6.50885, 20.71382, 0.22679], "rotation": [-80, 0, 0], "uv": [22, 16], "mirror": false }
                ]
            },
            {
                "name": "rightArm",
                "pivot": [5, 22, 0],
                "mirror": true,
                "cubes": [
                    { "origin": [-8.50885, 10.71382, 0.22679], "size": [4, 12, 7], "pivot": [-6.50885, 20.71382, 0.22679], "rotation": [-80, 0, 0], "uv": [0, 16], "mirror": false },
                    { "origin": [-7.5, 11.9, -1.5], "size": [3, 12, 3], "pivot": [-6, 22, 0], "rotation": [-80.4541, -2.9932, 17.25], "uv": [0, 51], "mirror": false },
                    { "origin": [-8, 12, -2], "size": [4, 12, 4], "pivot": [-6, 22, 0], "rotation": [-80.4541, -2.9932, 17.25], "uv": [44, 47], "mirror": false }
                ]
            }
        ]
    }]
}