{
  "format_version": "1.14.0",
  "minecraft:geometry": [
    {
      "description": {
        "identifier": "geometry.royal_ghost",
        "texture_width": 64,
        "texture_height": 64,
        "visible_bounds_width": 2,
        "visible_bounds_height": 2,
        "visible_bounds_offset": [
          0,
          1,
          0
        ]
      },
      "bones": [
        {
          "name": "root",
          "pivot": [
            0,
            0,
            0
          ]
        },
        {
          "name": "head",
          "parent": "body",
          "pivot": [
            0,
            24,
            0
          ],
          "mirror": true,
          "cubes": [
            {
              "origin": [
                -4,
                24,
                -4
              ],
              "size": [
                8,
                8,
                8
              ],
              "uv": [
                0,
                0
              ]
            }
          ]
        },
        {
          "name": "body",
          "parent": "root",
          "pivot": [
            0,
            24,
            0
          ],
          "mirror": true,
          "cubes": [
            {
              "origin": [
                -4,
                12,
                -2
              ],
              "size": [
                8,
                12,
                4
              ],
              "uv": [
                16,
                16
              ]
            },
            {
              "origin": [
                -4.5,
                12,
                -2.5
              ],
              "size": [
                9,
                2,
                1
              ],
              "uv": [
                0,
                61
              ],
              "mirror": false
            }
          ]
        },
        {
          "name": "leftitem",
          "pivot": [ 6.0, 15.0, 1.0 ],
          "parent": "leftarm"
        },
        {
          "name": "leftarm",
          "parent": "body",
          "pivot": [
            -5,
            22,
            0
          ],
          "mirror": true,
          "cubes": [
            {
              "origin": [
                -8,
                12,
                -2
              ],
              "size": [
                4,
                12,
                4
              ],
              "uv": [
                40,
                16
              ],
              "mirror": false
            },
            {
              "origin": [
                -9.2,
                22,
                -2.5
              ],
              "size": [
                5.2,
                3,
                5.2
              ],
              "uv": [
                42,
                54
              ],
              "mirror": false
            }
          ]
        },
        {
          "name": "rightitem",
          "pivot": [ -6, 15, 1 ],
          "locators": {
            "lead_hold": [ -6, 15, 1 ]
          },
          "parent": "rightarm"
        },
        {
          "name": "rightarm",
          "parent": "body",
          "pivot": [
            5,
            22,
            0
          ],
          "mirror": true,
          "cubes": [
            {
              "origin": [
                4,
                12,
                -2
              ],
              "size": [
                4,
                12,
                4
              ],
              "uv": [
                40,
                16
              ]
            },
            {
              "origin": [
                3.8,
                22,
                -2.5
              ],
              "size": [
                5.2,
                3,
                5.2
              ],
              "uv": [
                43,
                53
              ],
              "mirror": false
            }
          ]
        },
        {
          "name": "leftleg",
          "parent": "body",
          "pivot": [
            -1.9,
            12,
            0
          ],
          "mirror": true,
          "cubes": [
            {
              "origin": [
                -3.9,
                0,
                -2
              ],
              "size": [
                4,
                12,
                4
              ],
              "uv": [
                0,
                16
              ],
              "mirror": false
            }
          ]
        },
        {
          "name": "rightleg",
          "parent": "body",
          "pivot": [
            1.9,
            12,
            0
          ],
          "mirror": true,
          "cubes": [
            {
              "origin": [
                -0.1,
                0,
                -2
              ],
              "size": [
                4,
                12,
                4
              ],
              "uv": [
                0,
                16
              ]
            }
          ]
        },
        {
          "name": "crown",
          "parent": "head",
          "pivot": [
            0,
            24,
            0
          ],
          "cubes": [
            {
              "origin": [
                -5,
                30,
                4
              ],
              "size": [
                10,
                3,
                1
              ],
              "uv": [
                42,
                60
              ]
            },
            {
              "origin": [
                -5,
                30,
                -4
              ],
              "size": [
                1,
                3,
                8
              ],
              "uv": [
                46,
                53
              ]
            },
            {
              "origin": [
                4,
                30,
                -4
              ],
              "size": [
                1,
                3,
                8
              ],
              "uv": [
                42,
                52
              ]
            },
            {
              "origin": [
                -1,
                32,
                4
              ],
              "size": [
                2,
                2,
                1
              ],
              "uv": [
                54,
                61
              ]
            },
            {
              "origin": [
                -5,
                32,
                4
              ],
              "size": [
                2,
                3,
                1
              ],
              "uv": [
                58,
                60
              ]
            },
            {
              "origin": [
                3,
                32,
                4
              ],
              "size": [
                2,
                3,
                1
              ],
              "uv": [
                46,
                58
              ]
            },
            {
              "origin": [
                -5,
                32,
                3
              ],
              "size": [
                1,
                3,
                2
              ],
              "uv": [
                49,
                51
              ]
            },
            {
              "origin": [
                -5,
                30,
                -5
              ],
              "size": [
                10,
                3,
                1
              ],
              "uv": [
                42,
                60
              ]
            },
            {
              "origin": [
                -5,
                32,
                -1
              ],
              "size": [
                1,
                2,
                2
              ],
              "uv": [
                51,
                52
              ]
            },
            {
              "origin": [
                -5,
                32,
                -5
              ],
              "size": [
                1,
                3,
                2
              ],
              "uv": [
                50,
                53
              ]
            },
            {
              "origin": [
                -1,
                32,
                -5
              ],
              "size": [
                2,
                2,
                1
              ],
              "uv": [
                58,
                61
              ]
            },
            {
              "origin": [
                3,
                32,
                -5
              ],
              "size": [
                2,
                3,
                1
              ],
              "uv": [
                43,
                60
              ]
            },
            {
              "origin": [
                -5,
                32,
                -5
              ],
              "size": [
                2,
                3,
                1
              ],
              "uv": [
                52,
                54
              ]
            },
            {
              "origin": [
                4,
                32,
                -1
              ],
              "size": [
                1,
                2,
                2
              ],
              "uv": [
                50,
                53
              ]
            },
            {
              "origin": [
                4,
                32,
                3
              ],
              "size": [
                1,
                3,
                2
              ],
              "uv": [
                49,
                56
              ]
            },
            {
              "origin": [
                4,
                32,
                -5
              ],
              "size": [
                1,
                3,
                2
              ],
              "uv": [
                58,
                53
              ]
            }
          ]
        }
      ]
    }
  ]
}