{
	"format_version": "1.12.0",
	"minecraft:geometry": [
		{
			"description": {
				"identifier": "geometry.skelifish",
				"texture_width": 64,
				"texture_height": 64,
				"visible_bounds_width": 4,
				"visible_bounds_height": 2.5,
				"visible_bounds_offset": [0, 0.75, 0]
			},
			"bones": [
				{
					"name": "bone",
					"pivot": [0, 0, 10]
				},
				{
					"name": "Head",
					"parent": "bone",
					"pivot": [0, 4, -4.5],
					"cubes": [
						{
							"origin": [-3, 4, -10],
							"size": [6, 4, 6],
							"uv": [0, 12]
						},
						{
							"origin": [-4, 0, -12],
							"size": [8, 4, 8],
							"uv": [0, 0]
						}
					]
				},
				{
					"name": "Tail",
					"parent": "bone",
					"pivot": [0, 1, 6],
					"cubes": [
						{
							"origin": [-3, 1, 14],
							"size": [6, 0, 4],
							"uv": [20, 0]
						},
						{
							"origin": [-1, 0, 6],
							"size": [2, 2, 8],
							"uv": [16, 14]
						}
					]
				},
				{
					"name": "Body",
					"parent": "bone",
					"pivot": [0, 0, 10],
					"cubes": [
						{
							"origin": [-4, 0, -3],
							"size": [8, 8, 1],
							"uv": [18, 24]
						},
						{
							"origin": [-4, 0, -1],
							"size": [8, 8, 1],
							"uv": [0, 24]
						},
						{
							"origin": [-4, 0, 1],
							"size": [8, 8, 1],
							"uv": [28, 12]
						},
						{
							"origin": [-3, 0, 3],
							"size": [6, 7, 1],
							"uv": [0, 33]
						},
						{
							"origin": [-3, 0, 5],
							"size": [6, 7, 1],
							"uv": [32, 4]
						},
						{
							"origin": [-0.6, 6, 1],
							"size": [1, 1, 5],
							"uv": [19, 32]
						},
						{
							"origin": [-0.6, 7, -4],
							"size": [1, 1, 5],
							"uv": [31, 28]
						},
						{
							"origin": [-0.1, 8, -3],
							"size": [0, 4, 5],
							"uv": [14, 28]
						},
						{
							"origin": [-8, 3, -0.9],
							"size": [4, 0, 4],
							"uv": [20, 4]
						},
						{
							"origin": [4, 3, -1],
							"size": [4, 0, 4],
							"uv": [32, 0]
						}
					]
				}
			]
		}
	]
}