{
  "format_version": "1.14.0",
  "minecraft:geometry": [
    {
      "description": {
        "identifier": "geometry.tombstone",
        "texture_width": 128,
        "texture_height": 128,
        "visible_bounds_width": 1,
        "visible_bounds_height": 1,
        "visible_bounds_offset": [
          0,
          0.5,
          0
        ]
      },
      "bones": [
        {
          "name": "tomb",
          "pivot": [
            0,
            0,
            0
          ],
          "mirror": true,
          "cubes": [
            {
              "origin": [
                -6,
                0,
                -3
              ],
              "size": [
                12,
                1,
                6
              ],
              "uv": [
                0,
                6
              ]
            },
            {
              "origin": [
                -3,
                1,
                0
              ],
              "size": [
                6,
                10,
                1
              ],
              "uv": [
                0,
                0
              ],
              "mirror": false
            },
            {
              "origin": [
                3,
                1,
                0
              ],
              "size": [
                1,
                9,
                1
              ],
              "uv": [
                0,
                0
              ],
              "mirror": false
            },
            {
              "origin": [
                -4,
                1,
                0
              ],
              "size": [
                1,
                9,
                1
              ],
              "uv": [
                0,
                0
              ],
              "mirror": false
            }
          ]
        }
      ]
    }
  ]
}