{
	"format_version": "1.12.0",
	"minecraft:geometry": [
		{
			"description": {
				"identifier": "geometry.wraithwood_stalker",
				"texture_width": 64,
				"texture_height": 64,
				"visible_bounds_width": 3,
				"visible_bounds_height": 4.5,
				"visible_bounds_offset": [
					0,
					1.75,
					0
				]
			},
			"bones": [
				{
					"name": "Main",
					"pivot": [
						-2,
						7.5,
						1.75
					]
				},
				{
					"name": "LeftLeg",
					"parent": "Main",
					"pivot": [
						-2,
						7.5,
						1.75
					],
					"cubes": [
						{
							"origin": [
								-3,
								0,
								0.75
							],
							"size": [
								2,
								7,
								2
							],
							"uv": [
								40,
								37
							]
						},
						{
							"origin": [
								-3,
								7,
								0.75
							],
							"size": [
								2,
								7,
								2
							],
							"pivot": [
								-2,
								7.5,
								1.75
							],
							"rotation": [
								-2.5,
								0,
								0
							],
							"uv": [
								0,
								40
							]
						}
					]
				},
				{
					"name": "RightLeg",
					"parent": "Main",
					"pivot": [
						0,
						0,
						1.75
					],
					"cubes": [
						{
							"origin": [
								1,
								7,
								0.75
							],
							"size": [
								2,
								7,
								2
							],
							"pivot": [
								2,
								6.5,
								1.75
							],
							"rotation": [
								-2.5,
								0,
								0
							],
							"uv": [
								38,
								28
							]
						},
						{
							"origin": [
								1,
								0,
								0.75
							],
							"size": [
								2,
								7,
								2
							],
							"uv": [
								40,
								16
							]
						}
					]
				},
				{
					"name": "UnderBody",
					"parent": "Main",
					"pivot": [
						0,
						0,
						2.75
					],
					"cubes": [
						{
							"origin": [
								-4,
								14,
								-0.25
							],
							"size": [
								8,
								3,
								5
							],
							"uv": [
								19,
								20
							]
						}
					]
				},
				{
					"name": "UpperBody",
					"parent": "Main",
					"pivot": [
						0,
						19.8,
						4.35
					],
					"cubes": [
						{
							"origin": [
								-2,
								17,
								0.75
							],
							"size": [
								4,
								4,
								3
							],
							"uv": [
								24,
								28
							]
						},
						{
							"origin": [
								-4,
								21,
								-0.25
							],
							"size": [
								8,
								7,
								5
							],
							"uv": [
								0,
								0
							]
						},
						{
							"origin": [
								-4,
								28,
								4.75
							],
							"size": [
								8,
								7,
								0
							],
							"uv": [
								26,
								0
							]
						},
						{
							"origin": [
								-2,
								21,
								4.75
							],
							"size": [
								0,
								7,
								3
							],
							"uv": [
								18,
								35
							]
						},
						{
							"origin": [
								2,
								21,
								4.75
							],
							"size": [
								0,
								7,
								3
							],
							"uv": [
								24,
								41
							]
						}
					]
				},
				{
					"name": "RightArm",
					"parent": "Main",
					"pivot": [
						4.82,
						27.73212,
						2.80284
					],
					"cubes": [
						{
							"origin": [
								5.1,
								21,
								3.75
							],
							"size": [
								0,
								7,
								2
							],
							"uv": [
								40,
								44
							]
						},
						{
							"origin": [
								4,
								21,
								1.75
							],
							"size": [
								2,
								7,
								2
							],
							"uv": [
								10,
								38
							]
						},
						{
							"origin": [
								4,
								14,
								1.75
							],
							"size": [
								2,
								7,
								2
							],
							"pivot": [
								5,
								20.5,
								2.75
							],
							"rotation": [
								-10,
								0,
								0
							],
							"uv": [
								38,
								7
							]
						},
						{
							"origin": [
								6,
								14,
								2.35
							],
							"size": [
								2,
								7,
								0
							],
							"pivot": [
								5,
								20.5,
								2.75
							],
							"rotation": [
								-10,
								0,
								0
							],
							"uv": [
								46,
								32
							]
						},
						{
							"origin": [
								6,
								21,
								2.45
							],
							"size": [
								2,
								7,
								0
							],
							"uv": [
								44,
								46
							]
						}
					]
				},
				{
					"name": "LeftArm",
					"parent": "Main",
					"pivot": [
						-4.78,
						27.73212,
						2.80284
					],
					"cubes": [
						{
							"origin": [
								-4.9,
								21,
								3.75
							],
							"size": [
								0,
								7,
								2
							],
							"uv": [
								36,
								42
							]
						},
						{
							"origin": [
								-6,
								21,
								1.75
							],
							"size": [
								2,
								7,
								2
							],
							"uv": [
								24,
								35
							]
						},
						{
							"origin": [
								-6,
								14,
								1.75
							],
							"size": [
								2,
								7,
								2
							],
							"pivot": [
								-5,
								20.5,
								2.75
							],
							"rotation": [
								-10,
								0,
								0
							],
							"uv": [
								32,
								35
							]
						},
						{
							"origin": [
								-8,
								14,
								2.35
							],
							"size": [
								2,
								7,
								0
							],
							"pivot": [
								5,
								20.5,
								2.75
							],
							"rotation": [
								-10,
								0,
								0
							],
							"uv": [
								46,
								8
							]
						},
						{
							"origin": [
								-8,
								21,
								2.45
							],
							"size": [
								2,
								7,
								0
							],
							"uv": [
								46,
								25
							]
						}
					]
				},
				{
					"name": "Neck",
					"parent": "Main",
					"pivot": [
						0,
						0,
						2.75
					],
					"cubes": [
						{
							"origin": [
								-1,
								28,
								-0.25
							],
							"size": [
								2,
								6,
								2
							],
							"uv": [
								44,
								0
							]
						}
					]
				},
				{
					"name": "Head",
					"parent": "Main",
					"pivot": [
						0,
						0,
						2.75
					],
					"cubes": [
						{
							"origin": [
								-3.1,
								35,
								-6.25
							],
							"size": [
								6,
								5,
								0
							],
							"uv": [
								26,
								7
							]
						},
						{
							"origin": [
								-3,
								28,
								-6.25
							],
							"size": [
								6,
								7,
								6
							],
							"uv": [
								0,
								12
							]
						},
						{
							"origin": [
								-6.1,
								28,
								-3.25
							],
							"size": [
								3,
								7,
								0
							],
							"uv": [
								18,
								45
							]
						},
						{
							"origin": [
								2.9,
								28,
								-4.25
							],
							"size": [
								3,
								7,
								0
							],
							"uv": [
								30,
								44
							]
						},
						{
							"origin": [
								-3.1,
								35,
								-4.25
							],
							"size": [
								6,
								5,
								0
							],
							"uv": [
								0,
								35
							]
						},
						{
							"origin": [
								1.9,
								35,
								-6.25
							],
							"size": [
								0,
								5,
								6
							],
							"uv": [
								0,
								24
							]
						},
						{
							"origin": [
								-0.1,
								35,
								-6.25
							],
							"size": [
								0,
								5,
								6
							],
							"uv": [
								12,
								22
							]
						},
						{
							"origin": [
								-2.1,
								35,
								-6.25
							],
							"size": [
								0,
								5,
								6
							],
							"uv": [
								0,
								19
							]
						},
						{
							"origin": [
								-3.1,
								35,
								-1.25
							],
							"size": [
								6,
								5,
								0
							],
							"uv": [
								12,
								33
							]
						}
					]
				},
				{
					"name": "Mouth",
					"parent": "Head",
					"pivot": [
						0,
						27.5,
						-2.75
					],
					"cubes": [
						{
							"origin": [
								-3,
								27,
								-5.25
							],
							"size": [
								6,
								1,
								5
							],
							"pivot": [
								0,
								27.5,
								-2.75
							],
							"rotation": [
								10,
								0,
								0
							],
							"uv": [
								18,
								12
							]
						}
					]
				}
			]
		}
	]
}