{
	"format_version": "1.12.0",
	"minecraft:geometry": [
		{
			"description": {
				"identifier": "geometry.zomboni",
				"texture_width": 64,
				"texture_height": 64,
				"visible_bounds_width": 3,
				"visible_bounds_height": 3.5,
				"visible_bounds_offset": [
					0,
					1.25,
					0
				]
			},
			"bones": [
				{
					"name": "waist",
					"pivot": [
						0,
						12,
						0
					]
				},
				{
					"name": "body",
					"parent": "waist",
					"pivot": [
						0,
						24,
						0
					],
					"cubes": [
						{
							"origin": [
								-4,
								12,
								-2
							],
							"size": [
								8,
								12,
								4
							],
							"uv": [
								28,
								28
							]
						},
						{
							"origin": [
								-4,
								12,
								-2.2
							],
							"size": [
								8,
								12,
								0
							],
							"uv": [
								32,
								44
							]
						}
					]
				},
				{
					"name": "head",
					"parent": "body",
					"pivot": [
						0,
						24,
						0
					],
					"cubes": [
						{
							"origin": [
								-4,
								24,
								-4
							],
							"size": [
								8,
								8,
								8
							],
							"uv": [
								0,
								16
							]
						}
					]
				},
				{
					"name": "hat",
					"parent": "head",
					"pivot": [
						0,
						24,
						0
					],
					"cubes": [
						{
							"origin": [
								-4,
								24,
								-4
							],
							"size": [
								8,
								8,
								8
							],
							"inflate": 0.5,
							"uv": [
								0,
								0
							]
						}
					]
				},
				{
					"name": "rightArm",
					"parent": "body",
					"pivot": [
						-4.20689,
						24.05749,
						0
					],
					"cubes": [
						{
							"origin": [
								-8,
								12,
								-2
							],
							"size": [
								4,
								12,
								4
							],
							"uv": [
								44,
								12
							]
						}
					]
				},
				{
					"name": "rightItem",
					"parent": "rightArm",
					"pivot": [
						-6.20689,
						15.05749,
						1
					]
				},
				{
					"name": "leftArm",
					"parent": "body",
					"pivot": [
						4,
						23,
						0
					],
					"mirror": true,
					"cubes": [
						{
							"origin": [
								4,
								12,
								-2
							],
							"size": [
								4,
								12,
								4
							],
							"uv": [
								16,
								40
							],
							"mirror": false
						}
					]
				},
				{
					"name": "leftItem",
					"parent": "leftArm",
					"pivot": [
						6,
						15,
						1
					]
				},
				{
					"name": "rightLeg",
					"parent": "body",
					"pivot": [
						-1.9,
						12,
						0
					],
					"cubes": [
						{
							"origin": [
								-3.9,
								0,
								-2
							],
							"size": [
								4,
								12,
								4
							],
							"uv": [
								32,
								0
							]
						}
					]
				},
				{
					"name": "leftLeg",
					"parent": "body",
					"pivot": [
						1.9,
						12,
						0
					],
					"mirror": true,
					"cubes": [
						{
							"origin": [
								-0.1,
								0,
								-2
							],
							"size": [
								4,
								12,
								4
							],
							"uv": [
								0,
								32
							],
							"mirror": false
						}
					]
				}
			]
		}
	]
}