{
  "format_version": "1.10.0",
  "minecraft:client_entity": {
    "description": {
      "identifier": "entity:ghoul",
      "textures": {
        "default": "textures/entity/ghoul"
      },
      "materials": { 
        "default": "npc" 
      },
      "geometry": {
        "default": "geometry.ghoul.new"
      },
      "scripts": {
        "scale": "query.life_span ? math.min(variable.remaining_life / 20.0, 0.4) * 2.25 * math.min(query.life_time, 1.0) : 1.0",
        "initialize": [
          "variable.wing_y_rotation_offset = math.random(0.0, 90.0);"
        ],
        "pre_animation": [
          "variable.ghoul_has_left_wing = !query.variant || query.variant == 2.0;",
          "variable.ghoul_has_right_wing = !query.variant || query.variant == 1.0;",
          "variable.tcos0 = (math.cos(query.modified_distance_moved * 38.17) * query.modified_move_speed / variable.gliding_speed_value) * 57.3;",
          "variable.remaining_life = query.life_span ? math.max((query.life_span - 1.0) - (query.life_time * 20.0), 0.0) : 0.0;",
          "variable.wing_y_rotation = math.cos((query.life_time + variable.wing_y_rotation_offset) * 90.0 + query.ground_speed + query.modified_distance_moved * 14.0) * 15.0 + 20.0;"
        ],
        "animate": [
          "wing_rotation",
          { "humanoid_big_head": "query.is_baby" },
          "look_at_target",
          "move",
          { "riding.arms": "query.is_riding" },
          { "riding.legs": "query.is_riding" },
          "holding",
          { "charging": "query.is_charging" },
          "attack_controller",
          { "brandish_spear": "variable.is_brandishing_spear" },
          "bob",
          { "damage_nearby_mobs": "variable.damage_nearby_mobs" },
          { "use_item_progress": "( variable.use_item_interval_progress > 0.0 ) || ( variable.use_item_startup_progress > 0.0 )" },
          { "swimming": "query.is_swimming" }
        ]
      },
      "animations": {
        "wing_rotation": "animation.ghoul.wings.new",
        "humanoid_big_head": "animation.humanoid.big_head",
        "look_at_target": "controller.animation.humanoid.look_at_target",
        "look_at_target_default": "animation.humanoid.look_at_target.default",
        "look_at_target_gliding": "animation.humanoid.look_at_target.gliding",
        "look_at_target_swimming": "animation.humanoid.look_at_target.swimming",
        "move": "animation.humanoid.move",
        "riding.arms": "animation.humanoid.riding.arms",
        "riding.legs": "animation.humanoid.riding.legs",
        "holding": "animation.humanoid.holding",
        "brandish_spear": "animation.humanoid.brandish_spear",
        "charging": "animation.humanoid.charging",
        "bob": "animation.humanoid.bob",
        "damage_nearby_mobs": "animation.humanoid.damage_nearby_mobs",
        "use_item_progress": "animation.humanoid.use_item_progress",
        "attack_controller": "controller.animation.drowned.attack.rotations",
        "zombie_attack_bare_hand": "animation.zombie.attack_bare_hand",
        "attack_rotations": "animation.drowned.attack.rotations",
        "swimming": "animation.zombie.swimming"
      },
      "render_controllers": [
        { "controller.render.ghoul.new.default": "!query.life_span" },
        { "controller.render.ghoul.new.glow": "query.life_span" }
      ],
      "enable_attachables": true,
      "spawn_egg": {
        "base_color": "#880000",
        "overlay_color": "#000022"
      }
    }
  }
}