{
  "format_version": "1.10.0",
  "minecraft:client_entity": {
    "description": {
      "identifier": "entity:thrown_hell_trident",
      "materials": {
        "default": "entity_alphatest"
      },
      "textures": {
        "default": "textures/entity/hell_trident"
      },
      "geometry": {
        "default": "geometry.trident"
      },
      "animations": {
        "throw_sound_controller": "controller.animation.entity.thrown_hell_trident.throw_sound",
        "move": "animation.entity.hell_trident.move"
      },
      "scripts": {
        "pre_animation": [
          "variable.shake = query.shake_time - query.frame_alpha;",
          "variable.shake_power = variable.shake > 0.0 ? -math.sin(variable.shake * 200.0) * variable.shake : 0.0;"
        ],
        "animate": [
          "throw_sound_controller",
          "move"
        ]
      },
      "sound_effects": {
        "throw_sound": "item.trident.throw"
      },
      "render_controllers": [ "controller.render.default" ]
    }
  }
}