{
  "format_version": "1.10.0",
  "minecraft:client_entity": {
    "description": {
      "identifier": "entity:tombstone",
      "textures": {
        "default": "textures/entity/tombstone"
      },
      "materials": { 
        "default": "npc" 
      },
      "geometry": {
        "default": "geometry.tombstone"
      },
      "render_controllers": [ "controller.render.default" ],
      "spawn_egg": {
        "base_color": "#FFFFFF",
        "overlay_color": "#551155"
      }
    }
  }
}