{
  "format_version": "1.10.0",
  "minecraft:client_entity": {
    "description": {
      "identifier": "mob:wraithwood_stalker",
      "materials": {
        "default": "entity_alphatest"
      },
      "textures": {
        "default": "textures/entity/wraithwood_stalker"
      },
      "geometry": {
        "default": "geometry.wraithwood_stalker"
      },
      "render_controllers": ["controller.render.default"],
      "spawn_egg": {
        "base_color": "#342310",
        "overlay_color": "#242222"
      }
    }
  }
}
