{
  "format_version": "1.16.0",
  "minecraft:entity": {
    "description": {
      "identifier": "mob:eyespecter",
      "is_spawnable": true,
      "is_summonable": true,
      "is_experimental": false
    },
    "component_groups": {
      "calm": {
        "minecraft:on_target_acquired": {
          "event": "mob:become_angry",
          "target": "self"
        },
        "minecraft:movement": {
          "value": 0.3
        },
        "minecraft:scale": {
          "value": 1
        }
      },
      "pull": {
        "minecraft:behavior.knockback_roar": {
          "priority": 0,
          "duration": 1,
          "attack_time": 1,
          "knockback_damage": 0,
          "knockback_strength": -2,
          "knockback_range": 8,
          "knockback_filters": {
            "test": "is_family",
            "subject": "other",
            "operator": "==",
            "value": "player"
          },
          "cooldown_time": 5
        }
      },
      "angry1": {
        "minecraft:entity_sensor": {
          "sensor_range": 4,
          "relative_range": false,
          "require_all": true,
          "event_filters": {
            "none_of": [
              { "test": "is_family", "subject": "other", "value": "mob" },
              {
                "all_of": [
                  {
                    "test": "is_family",
                    "subject": "other",
                    "value": "player"
                  },
                  {
                    "none_of": {
                      "test": "has_ability",
                      "subject": "other",
                      "value": "instabuild"
                    }
                  }
                ]
              }
            ],
            "test": "distance_to_nearest_player",
            "operator": "<",
            "value": 4
          },
          "event": "pull"
        },
        "minecraft:angry": {
          "duration": 25,
          "calm_event": {
            "event": "mob:become_calm",
            "target": "self"
          }
        },
        "minecraft:behavior.nearest_attackable_target": {
          "priority": 1,
          "reselect_targets": true,
          "entity_types": [
            {
              "filters": {
                "test": "is_family",
                "subject": "other",
                "operator": "not",
                "value": "eyespecter"
              },
              "max_dist": 32
            }
          ],
          "must_see": true
        },
        "minecraft:timer": {
          "time": [0.05, 0.1],
          "looping": true,
          "time_down_event": {
            "event": "angry2"
          }
        },
        "minecraft:scale": {
          "value": 2.25
        },
        "minecraft:movement": {
          "value": 0.45
        },
        "minecraft:behavior.melee_attack": {
          "priority": 2
        }
      },
      "angry2": {
        "minecraft:timer": {
          "time": [1, 5],
          "looping": true,
          "time_down_event": {
            "event": "angry1"
          }
        },
        "minecraft:scale": {
          "value": 1
        },
        "minecraft:movement": {
          "value": 0.45
        },
        "minecraft:behavior.melee_attack": {
          "priority": 2
        }
      }
    },

    "components": {
      "minecraft:is_hidden_when_invisible": {},
      "minecraft:experience_reward": {
        "on_death": "query.last_hit_by_player ? 5 : 0"
      },
      "minecraft:type_family": {
        "family": ["eyespecter", "monster", "mob"]
      },
      "minecraft:breathable": {
        "total_supply": 15,
        "suffocate_time": 0
      },
      "minecraft:nameable": {},
      "minecraft:loot": {
        "table": "loot_tables/entities/enderman.json"
      },
      "minecraft:health": {
        "value": 40,
        "max": 40
      },
      "minecraft:hurt_on_condition": {
        "damage_conditions": [
          {
            "filters": {
              "test": "in_lava",
              "subject": "self",
              "operator": "==",
              "value": true
            },
            "cause": "lava",
            "damage_per_tick": 4
          }
        ]
      },
      "minecraft:attack": {
        "damage": 7
      },
      "minecraft:follow_range": {
        "value": 32,
        "max": 32
      },
      "minecraft:collision_box": {
        "width": 0.6,
        "height": 2.4
      },
      "minecraft:teleport": {
        "random_teleports": true,
        "max_random_teleport_time": 14,
        "random_teleport_cube": [32, 16, 32],
        "target_distance": 16,
        "target_teleport_chance": 0.2,
        "light_teleport_chance": 0.01
      },
      "minecraft:lookat": {
        "search_radius": 64.0,
        "set_target": true,
        "look_cooldown": 16.0,
        "look_event": {
          "event": "mob:become_angry",
          "target": "self"
        },
        "filters": {
          "all_of": [
            {
              "subject": "other",
              "test": "is_family",
              "value": "player"
            },
            {
              "test": "has_equipment",
              "domain": "head",
              "subject": "other",
              "operator": "not",
              "value": "carved_pumpkin"
            }
          ]
        }
      },
      "minecraft:despawn": {
        "despawn_from_distance": {}
      },
      "minecraft:behavior.nearest_attackable_target": {
        "priority": 5,
        "must_see": true,
        "attack_interval": 10,
        "entity_types": [
          {
            "filters": {
              "test": "is_family",
              "subject": "other",
              "value": "villager"
            },
            "max_dist": 64
          }
        ]
      },
      "minecraft:navigation.walk": {
        "can_path_over_water": false,
        "avoid_water": true
      },
      "minecraft:movement.basic": {},
      "minecraft:jump.static": {},
      "minecraft:can_climb": {},
      "minecraft:behavior.float": {
        "priority": 0
      },
      "minecraft:behavior.random_stroll": {
        "priority": 7,
        "speed_multiplier": 1.0
      },
      "minecraft:behavior.look_at_player": {
        "priority": 1,
        "look_distance": 32.0,
        "probability": 1.0
      },
      "minecraft:behavior.random_look_around": {
        "priority": 8
      },
      "minecraft:behavior.hurt_by_target": {
        "priority": 3
      },
      "minecraft:physics": {},
      "minecraft:pushable": {
        "is_pushable": true,
        "is_pushable_by_piston": true
      },
      "minecraft:conditional_bandwidth_optimization": {
        "default_values": {
          "max_optimized_distance": 80.0,
          "max_dropped_ticks": 10,
          "use_motion_prediction_hints": true
        }
      }
    },

    "events": {
      "minecraft:entity_spawned": {
        "remove": {},
        "add": {
          "component_groups": ["calm"]
        }
      },
      "mob:become_angry": {
        "remove": {
          "component_groups": ["calm"]
        },
        "add": {
          "component_groups": ["angry1"]
        }
      },
      "mob:become_calm": {
        "remove": {
          "component_groups": ["angry1", "angry2"]
        },
        "add": {
          "component_groups": ["calm"]
        }
      },
      "angry1": {
        "add": {
          "component_groups": ["angry1"]
        }
      },
      "pull": {
        "add": {
          "component_groups": ["pull"]
        }
      },
      "angry2": {
        "add": {
          "component_groups": ["angry2"]
        }
      }
    }
  }
}
