{
  "format_version": "1.16.0",
  "minecraft:entity": {
    "description": {
      "identifier": "entity:flushed_fish",
      "is_spawnable": true,
      "is_summonable": true,
      "is_experimental": false
    },

    "component_groups": {
      "small": {
        "minecraft:timer": {
          "looping": true,
          "time": [10.0, 12.0],
          "time_down_event": {
            "event": "big",
            "target": "self"
          }
        },
        "minecraft:scale": {
          "value": 0.01
        }
      },
      "big": {
        "minecraft:timer": {
          "looping": true,
          "time": [10.0, 12.0],
          "time_down_event": {
            "event": "small",
            "target": "self"
          }
        },
        "minecraft:scale": {
          "value": 1.0
        }
      }
    },

    "components": {
      "minecraft:experience_reward": {
        "on_death": "query.last_hit_by_player ? 5.0 : 0.0"
      },
      "minecraft:type_family": {
        "family": [ "flushed_fish", "monster", "mob" ]
      },
      "minecraft:loot": {
        "table": "loot_tables/entities/fish.json"
      },
      "minecraft:collision_box": {
        "width": 0.6,
        "height": 1.8
      },
      "minecraft:movement.basic": {
      },
      "minecraft:navigation.walk": {
        "is_amphibious": true,
        "can_pass_doors": true,
        "can_open_doors": true
      },
      "minecraft:jump.static": {
      },
      "minecraft:can_climb": {
      },
      "minecraft:health": {
        "value": 2,
        "max": 2
      },
      "minecraft:movement": {
        "value": 0.4
      },
      "minecraft:breathable": {
        "total_supply": 15,
        "suffocate_time": 1,
        "breathes_air": true,
        "breathes_water": true
      },
      "minecraft:attack": {
        "damage": 1
      },
      "minecraft:behavior.melee_attack": {
        "priority": 2,
        "speed_multiplier": 1.2,
        "track_target": true
      },
      "minecraft:behavior.move_towards_restriction": {
        "priority": 5,
        "speed_multiplier": 1.2
      },
      "minecraft:behavior.random_stroll": {
        "priority": 6,
        "speed_multiplier": 1.0
      },
      "minecraft:behavior.look_at_player": {
        "priority": 7,
        "look_distance": 6.0,
        "probability": 0.02
      },
      "minecraft:behavior.random_look_around": {
        "priority": 7
      },
      "minecraft:behavior.hurt_by_target": {
        "priority": 1
      },
      "minecraft:follow_range": {
        "value": 64,
        "max": 64
      },
      "minecraft:behavior.nearest_attackable_target": {
        "priority": 2,
        "within_radius": 25,
        "reselect_targets": true,
        "entity_types": [
          {
            "filters": {
              "any_of": [
                {
                  "test": "is_family",
                  "subject": "other",
                  "value": "player"
                }
              ]
            },
            "max_dist": 35
          }
        ],
        "must_see": true,
        "must_see_forget_duration": 17.0
      },
      "minecraft:physics": {
      },
      "minecraft:conditional_bandwidth_optimization": {
      },
      "minecraft:pushable": {
        "is_pushable": false,
        "is_pushable_by_piston": false
      }
    },

    "events": {
      "minecraft:entity_spawned": {
        "add": {
          "component_groups": [ "big" ]
        }
      },
      "big": {
        "add": {
          "component_groups": [ "big" ]
        },
        "remove": {
          "component_groups": [ "small" ]
        }
      },
      "small": {
        "add": {
          "component_groups": [ "small" ]
        },
        "remove": {
          "component_groups": [ "big" ]
        }
      }
    }
  }
}