{
  "format_version": "1.16.100",
  "minecraft:entity": {
    "description": {
      "identifier": "entity:ghost_ball",
      "runtime_identifier": "minecraft:ender_pearl",
      "is_spawnable": false,
      "is_summonable": true,
      "is_experimental": false
    },
    "components": {
      "minecraft:type_family": {
        "family": [ "ghost_ball", "inanimate" ]
      },
      "minecraft:collision_box": {
        "width": 0.4,
        "height": 0.4
      },
      "minecraft:area_attack": {
        "damage_range": 4,
        "damage_per_tick": 6,
        "cause": "entity_explosion",
        "entity_filter": {
          "all_of": [
            {
              "test": "is_owner",
              "subject": "other",
              "operator": "==",
              "value": false
            },
            {
              "test": "is_family",
              "subject": "other",
              "operator": "!=",
              "value": "ghost"
            },
            {
              "test": "is_family",
              "subject": "other",
              "operator": "!=",
              "value": "ghoul"
            },
            {
              "test": "is_family",
              "subject": "other",
              "operator": "!=",
              "value": "player"
            }
          ]
        }
      },
      "minecraft:projectile": {
        "on_hit": {
          "catch_fire": {
            "fire_affected_by_griefing": true
          },
          "impact_damage": {
            "damage": 6,
            "knockback": true,
            "catch_fire": true,
            "destroy_on_hit": true
          },
          "remove_on_hit": {
          },
          "particle_on_hit": {
            "particle_type": "villagerangry",
            "num_particles": 1,
            "on_entity_hit": true,
            "on_other_hit": true
          }
        },
        "power": 1.8,
        "gravity": 0.03,
        "angle_offset": 0.0,
        "offset": [ 0, 3.5, 0 ],
        "reflect_on_hurt": true,
        "hit_sound": "explode"
      },
      "minecraft:despawn": {
        "despawn_from_distance": {
          "min_distance": 40,
          "max_distance": 120
        }
      },
	  "minecraft:physics": {
      },
      "minecraft:pushable": {
        "is_pushable": true,
        "is_pushable_by_piston": true
      },
      "minecraft:conditional_bandwidth_optimization": {
        "default_values": {
          "max_optimized_distance": 80.0,
          "max_dropped_ticks": 0.0,
          "use_motion_prediction_hints": true
        }
      }
    }
  }
}