{
  "format_version": "1.16.0",
  "minecraft:entity": {
    "description": {
      "identifier": "entity:ghoul",
      "is_spawnable": true,
      "is_summonable": true,
      "is_experimental": false
    },

    "component_groups": {
      "summoned_by_royal_ghost": {
        "minecraft:scale": {
          "value": 0.95
        },
        "minecraft:is_charged": {
        },
        "minecraft:is_ignited": {
        },
        "minecraft:behavior.owner_hurt_target": {
          "priority": 1
        },
        "minecraft:behavior.owner_hurt_by_target": {
          "priority": 1
        },
        "minecraft:behavior.melee_attack": {
          "priority": 2,
          "speed_multiplier": 1.3,
          "track_target": true
        },
        "minecraft:behavior.nearest_attackable_target": {
          "priority": 1,
          "within_radius": 45,
          "reselect_targets": true,
          "entity_types": [
            {
              "filters": {
                "any_of": [
                  {
                    "all_of": [
                      {
                        "test": "has_target",
                        "subject": "other",
                        "operator": "==",
                        "value": true
                      },
                      {
                        "all_of": [
                          {
                            "test": "is_family",
                            "subject": "other",
                            "operator": "!=",
                            "value": "player"
                          },
                          {
                            "test": "is_family",
                            "subject": "other",
                            "operator": "!=",
                            "value": "ghost"
                          },
                          {
                            "test": "is_family",
                            "subject": "other",
                            "operator": "!=",
                            "value": "ghoul"
                          }
                        ]
                      }
                    ]
                  },
                  {
                    "test": "is_family",
                    "subject": "other",
                    "value": "player"
                  },
                  {
                    "test": "is_family",
                    "subject": "other",
                    "value": "snowgolem"
                  },
                  {
                    "test": "is_family",
                    "subject": "other",
                    "value": "irongolem"
                  },
                  {
                    "test": "is_family",
                    "subject": "other",
                    "value": "villager"
                  }
                ]
              },
              "max_dist": 45
            }
          ],
          "must_see": false
        },
        "minecraft:conditional_bandwidth_optimization": {
          "default_values": {
            "max_optimized_distance": 80.0,
            "max_dropped_ticks": 0.0,
            "use_motion_prediction_hints": true
          }
        }
      }
    },

    "components": {
      "minecraft:experience_reward": {
        "on_death": "query.is_powered ? 0.0 : (query.last_hit_by_player ? math.random(6.0, 8.0) : 0.0)"
      },
      "minecraft:type_family": {
        "family": [ "ghoul", "monster", "mob" ]
      },
      "minecraft:breathable": {
        "total_supply": 15,
        "suffocate_time": 1,
        "breathes_water": true
      },
      "minecraft:health": {
        "value": 30,
        "max": 30
      },
      "minecraft:collision_box": {
        "width": 0.9,
        "height": 1.8
      },
      "minecraft:attack": {
        "damage": 3,
        "effect_name": "wither",
        "effect_duration": 2
      },
      "minecraft:movement": {
        "value": 0.35
      },
      "minecraft:break_blocks": {
        "breakable_blocks": [
          "minecraft:wooden_door",
          "minecraft:acacia_door",
          "minecraft:birch_door",
          "minecraft:dark_oak_door",
          "minecraft:spruce_door",
          "minecraft:trapdoor",
          "minecraft:acacia_trapdoor",
          "minecraft:birch_trapdoor",
          "minecraft:dark_oak_trapdoor",
          "minecraft:spruce_trapdoor"
        ]
      },
      "minecraft:behavior.open_door": {
        "priority": 6,
        "close_door_after": true
      },
      "minecraft:inventory": {
        "container_type": "minecart_hopper",
        "inventory_size": 5,
        "restrict_to_owner": true
      },
      "minecraft:annotation.open_door": {
      },
      "minecraft:navigation.climb": {
        "can_pass_doors": true,
        "can_open_doors": true,
        "can_open_iron_doors": true,
        "can_path_over_water": true,
        "can_path_from_air": true,
        "avoid_sun": true
      },
      "minecraft:movement.basic": {
      },
      "minecraft:jump.static": {
      },
      "minecraft:can_climb": {
      },
      "minecraft:scale": {
        "value": 0.9
      },
      "minecraft:fire_immune": {
      },
      "minecraft:behavior.hurt_by_target": {
        "priority": 1
      },
      "minecraft:behavior.nearest_attackable_target": {
        "priority": 2,
        "reselect_targets": true,
        "entity_types": [
          {
            "filters": { "test": "is_family", "subject": "other", "value": "player" },
            "max_dist": 32
          }
        ],
        "must_see": true
      },
      "minecraft:behavior.melee_attack": {
        "priority": 2,
        "speed_multiplier": 1.25,
        "track_target": true
      },
      "minecraft:behavior.random_stroll": {
        "priority": 5,
        "speed_multiplier": 1
      },
      "minecraft:behavior.look_at_player": {
        "priority": 6,
        "look_distance": 8
      },
      "minecraft:behavior.random_look_around": {
        "priority": 6
      },
      "minecraft:follow_range": {
        "value": 64,
        "max": 64
      },
      "minecraft:despawn": {
        "despawn_from_distance": {
        }
      },
      "minecraft:physics": {
      },
      "minecraft:conditional_bandwidth_optimization": {
      },
      "minecraft:pushable": {
        "is_pushable": true,
        "is_pushable_by_piston": true
      }
    },

    "events": {
      "summoned_from_royal_ghost": {
        "add": {
          "component_groups" : [ "summoned_by_royal_ghost" ]
        }
      }
    }
  }
}