{
    "format_version": "1.16.200",
    "minecraft:entity": {
        "description": {
            "identifier": "entity:reaper",
            "is_spawnable": true,
            "is_summonable": true,
            "is_experimental": false
        },
        "events": {
            "summoned_from_royal_ghost": {
                "add": {
                    "component_groups": [
                        "summoned_by_royal_ghost"
                    ]
                }
            }
        },
        "component_groups": {
            "summoned_by_royal_ghost": {
                "minecraft:scale": {
                    "value": 0.95
                },
                "minecraft:is_tamed": {},
                "minecraft:behavior.owner_hurt_target": {
                    "priority": 1
                },
                "minecraft:behavior.owner_hurt_by_target": {
                    "priority": 1
                },
                "minecraft:behavior.swoop_attack": {
                    "priority": 1,
                    "damage_reach": 0.8,
                    "delay_range": [
                        6,
                        12
                    ]
                },
                "minecraft:behavior.nearest_attackable_target": {
                    "priority": 1,
                    "within_radius": 80,
                    "reselect_targets": true,
                    "entity_types": [{
                        "filters": {
                            "any_of": [{
                                    "all_of": [{
                                            "test": "has_target",
                                            "subject": "other",
                                            "operator": "==",
                                            "value": true
                                        },
                                        {
                                            "all_of": [{
                                                    "test": "is_family",
                                                    "subject": "other",
                                                    "operator": "!=",
                                                    "value": "player"
                                                },
                                                {
                                                    "test": "is_family",
                                                    "subject": "other",
                                                    "operator": "!=",
                                                    "value": "ghost"
                                                },
                                                {
                                                    "test": "is_family",
                                                    "subject": "other",
                                                    "operator": "!=",
                                                    "value": "ghoul"
                                                }
                                            ]
                                        }
                                    ]
                                },
                                {
                                    "test": "is_family",
                                    "subject": "other",
                                    "value": "player"
                                },
                                {
                                    "test": "is_family",
                                    "subject": "other",
                                    "value": "snowgolem"
                                },
                                {
                                    "test": "is_family",
                                    "subject": "other",
                                    "value": "irongolem"
                                },
                                {
                                    "test": "is_family",
                                    "subject": "other",
                                    "value": "villager"
                                }
                            ]
                        },
                        "max_dist": 80
                    }],
                    "must_see": false,
                    "must_see_forget_duration": 0.5,
                    "scan_interval": 18,
                    "target_search_height": 80
                },
                "minecraft:is_charged": {},
                "minecraft:is_ignited": {},
                "minecraft:conditional_bandwidth_optimization": {}
            }
        },
        "components": {
            "minecraft:experience_reward": {
                "on_death": "query.is_powered ? 0.0 : (query.last_hit_by_player ? math.random(5.0, 6.0) : 0.0)"
            },
            "minecraft:movement.generic": {},
            "minecraft:type_family": {
                "family": [
                    "reaper",
                    "ghost",
                    "mob"
                ]
            },
            "minecraft:loot": {
                "table": "loot_tables/entities/reaper.json"
            },
            "minecraft:nameable": {},
            "minecraft:health": {
                "value": 20,
                "max": 20
            },
            "minecraft:can_fly": {},
            "minecraft:physics": {
                "has_gravity": false
            },
            "minecraft:attack": {
                "damage": 7
            },
            "minecraft:breathable": {
                "total_supply": 15,
                "suffocate_time": 0,
                "breathes_air": true,
                "breathes_water": false
            },
            "minecraft:collision_box": {
                "width": 0.5,
                "height": 0.9
            },
            "minecraft:follow_range": {
                "value": 64,
                "max": 64
            },
            "minecraft:movement": {
                "value": 1.8
            },
            "minecraft:behavior.open_door": {
                "priority": 6,
                "close_door_after": true
            },
            "minecraft:annotation.open_door": {},
            "minecraft:movement.glide": {
                "start_speed": 0.15,
                "speed_when_turning": 0.21
            },
            "minecraft:burns_in_daylight": {},
            "minecraft:despawn": {
                "despawn_from_distance": {}
            },
            "minecraft:behavior.nearest_attackable_target": {
                "priority": 1,
                "within_radius": 86,
                "reselect_targets": true,
                "entity_types": [{
                    "filters": {
                        "test": "is_family",
                        "subject": "other",
                        "value": "player"
                    },
                    "max_dist": 86
                }],
                "must_see": false,
                "must_see_forget_duration": 0.5,
                "scan_interval": 20,
                "target_search_height": 86
            },
            "minecraft:behavior.swoop_attack": {
                "priority": 1,
                "damage_reach": 0.6,
                "delay_range": [
                    8,
                    15
                ]
            },
            "minecraft:behavior.circle_around_anchor": {
                "priority": 3,
                "radius_change": 1.0,
                "radius_adjustment_chance": 0.004,
                "height_adjustment_chance": 0.002857,
                "goal_radius": 1.0,
                "angle_change": 15.0,
                "radius_range": [
                    5.0,
                    15.0
                ],
                "height_offset_range": [-4.0,
                    4.0
                ],
                "height_above_target_range": [
                    10.0,
                    25.0
                ]
            },
            "minecraft:conditional_bandwidth_optimization": {},
            "minecraft:pushable": {
                "is_pushable": false,
                "is_pushable_by_piston": false
            }
        }
    }
}