{
  "format_version": "1.16.0",
  "minecraft:entity": {
    "description": {
      "identifier": "entity:spirit",
      "is_spawnable": true,
      "is_summonable": true,
      "is_experimental": false
    },
    "component_groups": {
      "small": {
        "minecraft:timer": {
          "looping": true,
          "time": [
            10,
            12
          ],
          "time_down_event": {
            "event": "big",
            "target": "self"
          }
        },
        "minecraft:scale": {
          "value": 0.01
        }
      },
      "big": {
        "minecraft:timer": {
          "looping": true,
          "time": [
            10,
            12
          ],
          "time_down_event": {
            "event": "small",
            "target": "self"
          }
        },
        "minecraft:scale": {
          "value": 1
        }
      }
    },
    "components": {
      "minecraft:experience_reward": {
        "on_death": "query.last_hit_by_player ? 5.0 : 0.0"
      },
      "minecraft:type_family": {
        "family": [
          "spirit",
          "ghost",
          "mob"
        ]
      },
      "minecraft:collision_box": {
        "width": 0.6,
        "height": 1.8
      },
      "minecraft:loot": {
        "table": "loot_tables/entities/zombie.json"
      },
      "minecraft:burns_in_daylight": {
      },
      "minecraft:movement.basic": {
      },
      "minecraft:navigation.walk": {
        "is_amphibious": true,
        "can_pass_doors": true,
        "can_open_doors": true
      },
      "minecraft:jump.static": {
      },
      "minecraft:can_climb": {
      },
      "minecraft:health": {
        "value": 2,
        "max": 2
      },
      "minecraft:movement": {
        "value": 1
      },
      "minecraft:breathable": {
        "total_supply": 15,
        "suffocate_time": 0,
        "breathes_air": true,
        "breathes_water": true
      },
      "minecraft:attack": {
        "damage": 0
      },
      "minecraft:behavior.melee_attack": {
        "priority": 3,
        "speed_multiplier": 1,
        "track_target": false
      },
      "minecraft:behavior.random_stroll": {
        "priority": 6,
        "speed_multiplier": 1
      },
      "minecraft:behavior.look_at_player": {
        "priority": 7,
        "look_distance": 6,
        "probability": 0.02
      },
      "minecraft:behavior.random_look_around": {
        "priority": 7
      },
      "minecraft:behavior.hurt_by_target": {
        "priority": 1
      },
      "minecraft:behavior.nearest_attackable_target": {
        "priority": 2,
        "within_radius": 25,
        "reselect_targets": true,
        "entity_types": [
          {
            "filters": {
              "any_of": [
                {
                  "test": "is_family",
                  "subject": "other",
                  "value": "player"
                }
              ]
            },
            "max_dist": 35
          }
        ],
        "must_see": true,
        "must_see_forget_duration": 17
      },
      "minecraft:physics": {
      },
      "minecraft:pushable": {
        "is_pushable": false,
        "is_pushable_by_piston": false
      },
      "minecraft:conditional_bandwidth_optimization": {
        "default_values": {
          "max_optimized_distance": 80.0,
          "max_dropped_ticks": 10,
          "use_motion_prediction_hints": true
        }
      }
    },
    "events": {
      "minecraft:entity_spawned": {
        "add": {
          "component_groups": [
            "big"
          ]
        }
      },
      "big": {
        "add": {
          "component_groups": [
            "big"
          ]
        },
        "remove": {
          "component_groups": [
            "small"
          ]
        }
      },
      "small": {
        "add": {
          "component_groups": [
            "small"
          ]
        },
        "remove": {
          "component_groups": [
            "big"
          ]
        }
      }
    }
  }
}