{
  "format_version": "1.16.0",
  "minecraft:entity": {
    "description": {
      "identifier": "mob:wraithwood_stalker",
      "is_spawnable": true,
      "is_summonable": true,
      "is_experimental": false
    },
    "component_groups": {
      "despawn": {
        "minecraft:instant_despawn": {}
      },
      "explode": {
        "minecraft:behavior.knockback_roar": {
          "priority": 0,
          "duration": 0.1,
          "attack_time": 0.1,
          "knockback_damage": 6,
          "knockback_strength": -4,
          "knockback_range": 6,
          "knockback_filters": {
            "test": "is_family",
            "subject": "other",
            "operator": "==",
            "value": "player"
          },
          "damage_filters": {
            "test": "is_family",
            "subject": "other",
            "operator": "==",
            "value": "player"
          },
          "on_roar_end": {
            "event": "despawn"
          },
          "cooldown_time": 0.1
        }
      }
    },
    "components": {
      "minecraft:experience_reward": {
        "on_death": "query.is_powered ? 0.0 : (query.last_hit_by_player ? math.random(6.0, 8.0) : 0.0)"
      },
      "minecraft:type_family": {
        "family": ["wraithwood_stalker", "monster", "mob"]
      },
      "minecraft:health": {
        "value": 10,
        "max": 10
      },
      "minecraft:entity_sensor": {
        "sensor_range": 8,
        "relative_range": false,
        "require_all": true,
        "event_filters": {
          "none_of": [
            { "test": "is_family", "subject": "other", "value": "mob" },
            {
              "all_of": [
                { "test": "is_family", "subject": "other", "value": "player" },
                {
                  "none_of": {
                    "test": "has_ability",
                    "subject": "other",
                    "value": "instabuild"
                  }
                }
              ]
            }
          ],
          "test": "distance_to_nearest_player",
          "operator": "<",
          "value": 4
        },
        "event": "explode"
      },
      "minecraft:behavior.leap_at_target": {
          "priority": 4,
          "yd": 0.4,
          "must_be_on_ground": true
        },
      "minecraft:collision_box": {
        "width": 0.6,
        "height": 1.8
      },
      "minecraft:movement": {
        "value": 0.40
      },
      "minecraft:behavior.open_door": {
        "priority": 6,
        "close_door_after": true
      },
      "minecraft:annotation.open_door": {},
      "minecraft:navigation.climb": {
        "can_pass_doors": true,
        "can_open_doors": true,
        "can_open_iron_doors": true,
        "can_path_over_water": true,
        "can_path_from_air": true,
        "avoid_sun": true
      },
      "minecraft:movement.basic": {},
      "minecraft:jump.static": {},
      "minecraft:can_climb": {},
      "minecraft:fire_immune": {},
      "minecraft:behavior.hurt_by_target": {
        "priority": 1
      },
      "minecraft:behavior.nearest_attackable_target": {
        "priority": 1,
        "reselect_targets": true,
        "entity_types": [
          {
            "filters": {
              "test": "is_family",
              "subject": "other",
              "value": "player"
            },
            "max_dist": 32
          }
        ],
        "must_see": true
      },
      "minecraft:attack": {
        "damage": 8,
        "effect_name": "wither",
        "effect_duration": 1
      },
      "minecraft:behavior.melee_attack": {
        "priority": 1,
        "speed_multiplier": 1.25,
        "track_target": true
      },
      "minecraft:behavior.random_stroll": {
        "priority": 5,
        "speed_multiplier": 1
      },
      "minecraft:behavior.look_at_player": {
        "priority": 0,
        "look_distance": 16
      },
      "minecraft:behavior.random_look_around": {
        "priority": 6
      },
      "minecraft:follow_range": {
        "value": 64,
        "max": 64
      },
      "minecraft:despawn": {
        "despawn_from_distance": {}
      },
      "minecraft:physics": {},
      "minecraft:pushable": {
        "is_pushable": true,
        "is_pushable_by_piston": true
      }
    },
    "events": {
      "despawn": {
        "add": {
          "component_groups": ["despawn"]
        }
      },
      "explode": {
        "add": {
          "component_groups": [
            "explode"
          ]
        }
      }
    }
  }
}
