{
	"format_version": "1.16.0",
	"minecraft:entity": {
		"description": {
			"identifier": "mob:zomboni",
			"is_spawnable": true,
			"is_summonable": true,
			"is_experimental": false
		},
		"component_groups": {},
		"components": {
			"minecraft:type_family": {
				"family": [
					"mob", "monster", "zomboni"
				]
			},
			"minecraft:health":{
				"value":16,
				"max":16
			},
			"minecraft:collision_box":{
				"height":1.9,
				"width":0.6
			},
			"minecraft:movement":{
				"value":0.23
			},
			"minecraft:behavior.open_door":{
				"priority":6,
				"close_door_after":false
			},
			"minecraft:annotation.open_door":{},
			"minecraft:navigation.climb":{
				"can_open_doors":true,
				"can_pass_doors":true,
				"can_path_over_water":true,
				"can_path_from_air":true,
				"avoid_sun":true
			},
			"minecraft:movement.basic":{},
			"minecraft:jump.static":{},
			"minecraft:can_climb":{},
			"minecraft:fire_immune":{},
			"minecraft:behavior.hurt_by_target":{
				"priority":1
			},
			"minecraft:behavior.nearest_attackable_target":{
				"priority":2,
				"must_see":true,
				"reselect_targets":true,
				"within_radius":35,
				"must_see_forget_duration":27,
				"entity_types":[
					{
						"filters":{
							"test":"is_family",
							"subject":"other",
							"value":"player"
						},
						"max_dist":32
				}
			]
			},
			"minecraft:attack":{
				"damage":5
			},
			"minecraft:behavior.melee_attack":{
				"priority":3
			},
			"minecraft:physics": {},
			"minecraft:pushable": {
			  "is_pushable": true,
			  "is_pushable_by_piston": true
			},
			"minecraft:despawn":{
				"despawn_from_distance":{}
			},
			"minecraft:behavior.random_look_around":{
				"priority":6
			},
			"minecraft:behavior.look_at_player":{
				"priority":5,
				"look_distance":16
			},
			"minecraft:behavior.random_stroll":{
				"priority":7,
				"speed_multiplier":1
			},
			"minecraft:experience_reward":{
				"on_death":"query.is_powered ? 0.0 : (query.last_hit_by_player ? math.random(4.0 5.0) : 0)"
		}
	},
	"events": {}
	}
}