{
    "format_version": "1.16.100",
    "minecraft:block": {
        "description": {
            "identifier": "keyyard:vase",
            "is_experimental": false,
            "register_to_creative_menu": true
        },
        "events": {
            "keyyard:loot": {
                "sequence": [{
                    "randomize": [{
                            "run_command": {
                                "command": [
                                    "summon creeper"
                                ]
                            }
                        },
                        {
                            "spawn_loot": {
                                "table": "loot_tables/chests/abandoned_mineshaft.json"
                            }
                        },
                        {
                            "spawn_loot": {
                                "table": "loot_tables/gameplay/fishing/treasure.json"
                            }
                        },
                        {
                            "add_mob_effect": {
                                "target": "other",
                                "effect": "blindness",
                                "duration": 5,
                                "visible": false
                            }
                        },
                        {
                            "spawn_loot": {
                                "table": "loot_tables/entities/squid.json"
                            }
                        },
                        {
                            "spawn_loot": {
                                "table": "loot_tables/chests/buriedtreasure.json"
                            }
                        }
                    ]
                }]
            }
        },
        "components": {
            "minecraft:on_player_destroyed": {
                "event": "keyyard:loot"
            },
            "minecraft:creative_category": {
                "category": "nature",
                "group": "itemGroup.name.skull"
            },
            "minecraft:geometry": "geometry.vase",
            "minecraft:material_instances": {
                "*": {
                    "texture": "keyyard_vase",
                    "render_method": "alpha_test"
                }
            },
            "minecraft:block_light_absorption": 0,
            "minecraft:block_light_emission": 0,
            "minecraft:destroy_time": 0.1,
            "minecraft:entity_collision": {
                "origin": [-6, 0, -6],
                "size": [12, 16, 12]
            },
            "minecraft:pick_collision": {
                "origin": [-6, 0, -6],
                "size": [12, 16, 12]
            }
        }
    }
}