{
    "format_version": "1.13.0",
    "minecraft:feature_rules": {
        "description": {
            "identifier": "keyyard:vase",
            "places_feature": "keyyard:vase"
        },
        "conditions": {
            "placement_pass": "underground_pass",
            "minecraft:biome_filter": [{
                "any_of": [{
                        "test": "has_biome_tag",
                        "operator": "==",
                        "value": "overworld"
                    },
                    {
                        "test": "has_biome_tag",
                        "operator": "==",
                        "value": "overworld_generation"
                    }
                ]
            }]
        },
        "distribution": {
            "iterations": 4,
            "coordinate_eval_order": "xyz",
            "x": 0,
            "y": 0,
            "z": 0
        }
    }