{
  "entity_sounds": {
    "entities": {
      "entity:flushed_fish": {
        "volume": 4.0,
        "pitch": [ 0.8, 1.2 ],
        "events": {
          "ambient": "mob.ghost.sound",
          "attack": "mob.reaper.attack"
        }
      },
      "entity:ghost": {
        "volume": 4.0,
        "pitch": [ 1.0, 1.0 ],
        "events": {
          "ambient": "mob.ghost.sound",
          "ambient.in.village": {
            "sound": "mob.wither.death",
            "volume": 0.8,
            "pitch": 1.3
          }
        }
      },
      "entity:ghoul": {
        "volume": 4.0,
        "pitch": [ 0.8, 1.2 ],
        "events": {
          "hurt": "mob.ghoul.roar",
          "step": {
            "sound": "mob.zombie.step",
            "volume": 0.2,
            "pitch": 1.0
          },
          "attack": "mob.reaper.attack"
        }
      },
      "entity:royal_ghost": {
        "volume": 5.0,
        "pitch": [ 0.8, 1.2 ],
        "events": {
          "spawn": "mob.ghost.sound",
          "hurt": "mob.reaper.attack",
          "celebrate": {
            "sound": "mob.royal_ghost.stomp_attack",
            "volume": 20.0
          },
          "step": {
            "sound": "mob.zombie.step",
            "volume": 6.0,
            "pitch": 0.55
          },
          "death": {
            "sound": "mob.wither.death",
            "volume": 6.0,
            "pitch": 1.1
          },
          "plop": {
            "sound": "mob.royal_ghost.despawn_other",
            "volume": 7.0,
            "pitch": 0.95
          }
        }
      },
      "entity:tombstone": {
        "volume": 4.0,
        "pitch": [ 0.8, 1.2 ],
        "events": {
          "step": "mob.tombstone.summoned",
          "ambient": "mob.tombstone.summoned"
        }
      },
      "entity:reaper": {
        "volume": 4.0,
        "pitch": [ 0.8, 1.2 ],
        "events": {
          "ambient": "mob.ghost.sound",
          "attack": "mob.reaper.attack"
        }
      }
    }
  }
}