{
    "resource_pack_name": "vanilla",
    "texture_name": "atlas.items",
    "texture_data": {
        "cursed_spell_paper": {
            "textures": "textures/items/cursed_spell_paper"
        },
        "shadow_essense": {
            "textures": "textures/items/shadow_essense"
        },
        "soul_shard": {
            "textures": "textures/items/soul_shard"
        },
        "wraithwood_heart": {
            "textures": "textures/items/wraithwood_heart"
        },
        "wraith_cloak": {
			"textures": "textures/items/wraith_cloak"
		},
        "eye_wand": {
			"textures": "textures/items/eye_wand"
		}
    }
}