{
    "format_version": "1.20.10",
    "minecraft:item": {
        "description": {
            "identifier": "item:cursed_spell_paper",
            "category": "Items",
            "is_experimental": false
        },
        "components": {
            "minecraft:icon": {
                "texture": "cursed_spell_paper"
            },
            "minecraft:max_stack_size": 64,
            "minecraft:display_name": {
                "value": "Cursed Spell Paper"
            }
        }
    }
}