{
    "format_version": "1.16.100",
    "minecraft:item": {
        "description": {
            "identifier": "item:hatchet",
            "category": "equipment"
        },

        "components": {
            "minecraft:max_stack_size": 1,
            "minecraft:use_duration": 3600,
            "minecraft:damage": 6,
            "minecraft:can_destroy_in_creative": false,
            "minecraft:explodable": false,
            "minecraft:should_despawn": false,
            "minecraft:enchantable": {
                "value": 10,
                "slot": "axe"
            },
            "minecraft:creative_category": {
                "parent": "itemGroup.name.equipment"
            },
            "minecraft:durability": {
                "damage_chance": 1.0,
                "max_durability": 1400
            },
            "minecraft:icon": {
                "texture": "hatchet"
            },
            "minecraft:digger": {
                "use_efficiency": true,
                "on_dig": {
                    "event": "event:on_dig"
                }
            },
            "minecraft:weapon": {
                "on_hurt_entity": {
                    "event": "event:on_hit_entity"
                },
                "on_not_hurt_entity": {
                    "event": "event:on_hit_entity"
                }
            }
        },

        "events": {
            "event:on_dig": {
                "damage": {
                    "type": "all",
                    "target": "self",
                    "amount": 1
                }
            },
            "event:on_hit_entity": {
                "sequence": [{
                    "add_mob_effect": {
                        "effect": "speed",
                        "target": "holder",
                        "duration": 1,
                        "amplifier": 1
                    }
                }]
            }
        }
    }
}