{
    "format_version": "1.16.100",
    "minecraft:item": {
        "description": {
            "identifier": "item:hell_ingot",
            "category": "items"
        },
        "components": {
            "minecraft:creative_category": {
                "parent": "itemGroup.name.items"
            },
            "minecraft:icon": {
                "texture": "hell_ingot"
            },
            "minecraft:explodable": false,
            "minecraft:should_despawn": false
        }
    }
}