{
    "format_version": "1.16.100",
    "minecraft:item": {
        "description": {
            "identifier": "item:hell_trident",
            "category": "equipment"
        },

        "components": {
            "minecraft:max_stack_size": 1,
            "minecraft:use_duration": 3600,
            "minecraft:use_animation": "spear",
            "minecraft:damage": 10,
            "minecraft:explodable": false,
            "minecraft:should_despawn": false,
            "minecraft:creative_category": {
                "parent": "itemGroup.name.equipment"
            },
            "minecraft:icon": {
                "texture": "hell_trident"
            },
            "minecraft:throwable": {
                "min_draw_duration": 0.5,
                "max_draw_duration": 1.0,
                "scale_power_by_draw_duration": true
            },
            "minecraft:projectile": {
                "projectile_entity": "entity:thrown_hell_trident",
                "minimum_critical_power": 1.0
            },
            "minecraft:weapon": {
                "on_hurt_entity": {
                    "event": "event:on_hit_entity"
                },
                "on_not_hurt_entity": {
                    "event": "event:on_hit_entity"
                }
            }
        },

        "events": {
            "event:on_hit_entity": {
                "sequence": [{
                        "add_mob_effect": {
                            "effect": "slowness",
                            "target": "other",
                            "duration": 5,
                            "amplifier": 3
                        }
                    },
                    {
                        "damage": {
                            "type": "fire_tick",
                            "target": "other",
                            "amount": 1
                        }
                    }
                ]
            }
        }
    }
}