{
    "format_version": "1.20.10",
    "minecraft:item": {
        "description": {
            "category": "Items",
            "identifier": "item:shadow_essense",
            "is_experimental": false
        },
        "components": {
            "minecraft:display_name": {
                "value": "Shadow Essense"
            },
            "minecraft:icon": {
                "texture": "shadow_essense"
            },
            "minecraft:max_stack_size": 64
        }
    }
}