{
	"format_version": "1.20.20",
	"minecraft:item": {
		"description": {
			"identifier": "item:wraith_cloak",
			"menu_category": {
				"category": "equipment",
				"group": "itemGroup.name.chestplate"
			}
		},
		"components": {
			"minecraft:max_stack_size": 1,
			"minecraft:icon": {
				"texture": "wraith_cloak"
			},
			"minecraft:wearable": {
				"slot": "slot.armor.chest",
				"protection": 4
			},
			"minecraft:durability": {
				"max_durability": 59
			},
			"minecraft:repairable": {
				"repair_items": [
					{
						"items": ["leather"],
						"repair_amount": 14
					}
				]
			}
		}
	}
}