{
  "format_version": "1.10.0",
  "minecraft:attachable": {
    "description": {
      "identifier": "item:demonic_blade",
      "materials": {
        "default": "entity_alphatest",
        "enchanted": "entity_alphatest_glint"
      },
      "textures": {
        "default": "textures/entity/demonic_blade",
        "enchanted": "textures/misc/enchanted_item_glint"
      },
      "geometry": {
        "default": "geometry.demonic_blade"
      },
      "animations": {
        "wield_first_person": "animation.entity.demonic_blade.wield_first_person",
        "wield_third_person": "animation.entity.demonic_blade.wield_third_person"
      },
      "scripts": {
        "animate": [
          {
            "wield_first_person": "context.is_first_person"
          },
          {
            "wield_third_person": "!context.is_first_person"
          }
        ]
      },
      "render_controllers": [ "controller.render.item_default" ]
    }
  }
}