{
  "format_version": "1.12.0",
  "minecraft:recipe_shaped": {
    "description": {
      "identifier": "recipe:cursed_spell_paper"
    },
    "tags": [ "crafting_table" ],
    "pattern": [
      " I ",
      "#|#",
      " # "
    ],
    "key": {
      "I": {
        "item": "minecraft:dye",
        "data": 0
      },
      "#": {
        "item": "minecraft:spider_eye"
      },
      "|": {
        "item": "minecraft:paper"
      }
    },
    "result": {
      "item": "item:cursed_spell_paper"
    }
  }
}