{
  "format_version": "1.12.0",
  "minecraft:recipe_shaped": {
    "description": {
      "identifier": "recipe:demonic_blade"
    },
    "tags": [ "crafting_table" ],
    "pattern": [
      " H ",
      "NHN",
      " # "
    ],
    "key": {
      "H": {
        "item": "item:hell_ingot"
      },
      "N": {
        "item": "minecraft:netherite_ingot"
      },
      "#": {
        "item": "minecraft:blaze_rod"
      }
    },
    "result": {
      "item": "item:demonic_blade"
    }
  }
}