{
  "format_version": "1.8.0",
  "minecraft:spawn_rules": {
    "description": {
      "identifier": "entity:flushed_fish",
      "population_control": "monster"
    },
    "conditions": [
      {
        "minecraft:spawns_on_surface": {},
        "minecraft:spawns_underwater": {},
        "minecraft:brightness_filter": {
          "min": 0,
          "max": 7
        },
        "minecraft:difficulty_filter": {
          "min": "easy",
          "max": "hard"
        },
        "minecraft:weight": {
          "default": 100
        },
        "minecraft:herd": {
          "min_size": 2,
          "max_size": 4
        },
        "minecraft:biome_filter": [
          {
            "test": "has_biome_tag",
            "operator": "==",
            "value": "ocean"
          },
          {
            "test": "has_biome_tag",
            "operator": "==",
            "value": "river"
          },
          {
            "test": "has_biome_tag",
            "operator": "==",
            "value": "swamp"
          },
          {
            "test": "has_biome_tag",
            "operator": "==",
            "value": "beach"
          }
        ]
      }
    ]
  }
}