{
    "format_version": "1.8.0",
    "minecraft:spawn_rules": {
        "description": {
            "identifier": "entity:ghoul",
            "population_control": "monster"
        },
        "conditions": [{
            "minecraft:spawns_on_surface": {},
            "minecraft:brightness_filter": {
                "min": 0,
                "max": 7
            },
            "minecraft:difficulty_filter": {
                "min": "normal",
                "max": "hard"
            },
            "minecraft:weight": {
                "default": 15
            },
            "minecraft:herd": {
                "min_size": 1,
                "max_size": 2
            }
        }]
    }
}