{
	"format_version": "1.12.0",
	"minecraft:geometry": [
		{
			"description": {
				"identifier": "geometry.vase",
				"texture_width": 64,
				"texture_height": 64,
				"visible_bounds_width": 2,
				"visible_bounds_height": 2.5,
				"visible_bounds_offset": [0, 0.75, 0]
			},
			"bones": [
				{
					"name": "bone",
					"pivot": [0, 0, 0],
					"cubes": [
						{"origin": [-6, 0, -6], "size": [12, 11, 12], "uv": [0, 0]},
						{"origin": [-5, 15, -5], "size": [10, 2, 10], "uv": [0, 23]},
						{"origin": [-4, 11, -4], "size": [8, 4, 8], "uv": [32, 27]}
					]
				}
			]
		}
	]
}